Coordinates
version=1
nRows=2000
nColumns=13
inDegrees=yes

endheader
time	/jointset/hip_l/hip_flexion_l/value	/jointset/hip_l/hip_adduction_l/value	/jointset/hip_l/hip_rotation_l/value	/jointset/hip_r/hip_flexion_r/value	/jointset/hip_r/hip_adduction_r/value	/jointset/hip_r/hip_rotation_r/value	/jointset/walker_knee_l/knee_angle_l/value	/jointset/walker_knee_r/knee_angle_r/value	/jointset/ankle_l/ankle_angle_l/value	/jointset/ankle_r/ankle_angle_r/value	/jointset/subtalar_l/subtalar_angle_l/value	/jointset/subtalar_r/subtalar_angle_r/value
0.01	65.54425310	18.63686397	8.27796466	67.45795249	-0.49173620	5.44055311	68.70026039	128.12791895	-16.08155535	-5.62849111	31.66811204	-18.52167080
0.02	10.46800706	-36.39752455	0.98639860	94.09104336	2.89153357	36.99888538	76.91609901	46.58662472	-34.72999675	24.52348716	-0.90501200	25.47830589
0.03	-23.85397141	15.07436633	-3.27504842	-20.00547867	2.49351274	21.29641277	46.62258650	17.40820788	-4.21504802	21.19835910	13.32487476	-3.17924102
0.04	-27.52085467	-23.22937306	29.52884389	-7.10600960	-23.20027309	26.65058094	93.85564585	111.96221494	23.97954053	-36.95480701	-5.50266167	-25.12817501
0.05	91.99053588	-35.32677393	24.19863305	107.11472318	16.85402142	5.55478612	74.40692958	97.07176142	28.78888437	21.07019830	24.10924321	-26.35736736
0.06	106.91333659	-2.52125157	-3.78694603	108.87865540	-10.68318157	8.60662202	111.39932769	46.21924735	20.05150706	-24.53794186	15.97017565	33.22958036
0.07	60.99536637	13.77418822	-22.47250029	24.87713869	2.61110480	10.33301630	0.36970114	111.07555731	-29.12756749	21.88405108	-22.56893796	-27.32426911
0.08	79.42448415	-18.01505774	-37.60466089	61.19629478	1.97383624	-18.72500575	133.44834795	6.05538603	-32.41826108	6.41956711	21.65163435	-29.32286352
0.09	51.54374872	-19.20274608	-12.09785179	-21.12203481	14.08381894	9.92036556	130.27261854	128.50539088	-27.85323532	23.52871134	-12.80788927	32.33155390
0.10	110.26086357	-24.25782866	22.23597749	56.99598941	-2.53553990	37.92584888	22.02553905	85.49479563	-38.07562961	-4.42133532	20.20299870	31.27156713
0.11	92.37803312	-21.32516869	-33.52684165	-11.10026723	1.03196797	23.85694884	12.06569373	91.52747270	31.14367875	-0.81521609	-8.42257476	-18.92817553
0.12	-29.58922497	-35.94809591	22.91261928	43.00555487	-28.95181924	-10.21917762	78.62494219	129.68396438	-30.04134952	-32.22578322	11.51287795	27.66672712
0.13	98.61064149	-9.68373530	-24.89292201	-24.59797628	-13.99093093	18.40378429	74.63696108	125.58253397	5.14941328	-8.22511408	-7.32163486	-24.28082220
0.14	-24.96216370	-19.50591516	32.33749231	84.41445770	3.09606987	-17.67936610	130.26482834	117.43056820	15.95158617	4.71045676	22.83403517	5.60392992
0.15	79.44831696	-30.03146207	-30.14260558	28.00183210	-23.25241161	39.01097677	108.76416802	121.31963787	7.03781642	-25.80409755	-6.76361038	11.03966824
0.16	-3.65165691	3.34221374	-14.26732139	109.55415227	-26.16157860	-21.86244576	62.80426043	106.50688301	-29.51358922	-21.92220445	29.12922670	-10.71301513
0.17	99.47683835	13.59422832	-14.50034825	-18.03032472	1.33006139	29.48170602	48.26644156	49.76538740	-37.94474818	-39.94840163	-9.19152364	-8.77878887
0.18	51.21918304	8.42926427	39.81190092	108.60534177	-36.54256671	30.74812129	77.53414041	61.32646512	23.54392689	-2.30673700	0.93266478	-1.29791116
0.19	14.95678358	-31.86720771	-11.26312793	-25.16916641	8.67049765	-25.06216252	110.80501684	86.14275752	0.72587499	-36.39004449	-18.57818262	-25.74119498
0.20	33.40308318	14.81240436	19.51539275	105.88899029	-35.76976073	9.93000544	25.29912208	130.19954097	-5.38583920	-13.33642847	-11.15358408	30.21903194
0.21	-25.75204933	-15.47151626	-12.45761489	67.41682240	-38.69312908	-22.40536409	49.13469833	106.31488342	6.24351559	1.14644250	29.61097459	14.37100169
0.22	-11.35750853	14.87522684	-3.27603161	59.07650374	-5.35621556	30.43087783	55.41461307	12.90882218	12.21087946	-24.00722961	-29.83480247	-31.61601947
0.23	70.59366220	-34.98180183	11.31745791	0.28818783	6.72416240	-7.53365958	123.37124933	84.73745992	14.36089765	6.15388019	-8.70672773	-4.95632884
0.24	67.07842674	19.02739539	0.87254329	107.97758338	-33.64623130	-36.85394604	86.93424444	86.90837718	23.02746434	34.46607025	-19.16200603	0.87666268
0.25	62.30776672	-34.19562951	-21.95963516	-22.19034650	-32.41812346	-2.39485630	53.06158851	6.64866983	4.62829806	28.44895160	20.24089092	7.31906320
0.26	27.55163314	4.72548848	-26.64610759	96.11515774	12.23552958	-17.74183876	70.32540401	4.63208717	-39.80672364	28.92881643	8.25440399	-34.06623559
0.27	119.58149037	2.86477874	35.49562408	118.30911201	-24.47654133	28.93073102	112.76498218	71.29173049	-39.99364891	-22.80358657	-24.18638636	-28.87509757
0.28	117.12530082	5.43005216	8.14878191	23.69968640	19.35242560	20.78019385	34.42465394	35.30259961	22.82304216	-24.13307052	29.98714021	-11.64924384
0.29	72.83129767	-25.32015673	-3.77924687	70.36973816	-10.97697382	-4.57870977	36.07273191	95.82510728	-14.41588637	-26.43229214	24.69243089	-30.15365229
0.30	67.56889144	4.87577910	-5.78853708	99.04866344	-13.41506944	30.78461516	117.99822796	120.76387788	-24.28836592	-33.63352792	10.67546930	-3.93364060
0.31	73.26700959	-9.22592842	32.82086708	52.74676578	-13.62129230	20.49655325	94.49443289	97.14717602	5.60165461	37.76334951	-23.40871455	-3.85535054
0.32	28.33821360	-37.17703353	-21.16618260	-27.35652541	-24.70461178	-31.30863755	67.15556976	61.66987450	37.07277017	-26.79133003	23.39200953	-23.45680522
0.33	-9.73552425	-34.14825423	-22.29359929	7.09011214	-28.18679512	30.14336812	123.57878508	12.51977645	-3.96719506	13.89157121	0.60566209	0.01323008
0.34	78.22325103	-23.18576158	16.85013717	61.74789732	15.67951224	37.38826012	7.64783920	136.43061371	33.33507492	25.68108487	23.42015745	-12.73387305
0.35	48.80314837	10.84693680	-11.54115083	-6.34807277	-14.84267209	-33.07463057	18.51226999	20.16451454	29.81992563	-5.40334735	-12.50804312	6.77237498
0.36	16.53628133	-14.46503405	5.95897054	-19.19158169	-6.59240225	11.66461437	51.52775252	85.51729045	-8.19100165	-9.05113619	-18.22948957	29.65336416
0.37	42.87530382	-23.55736532	-21.85806613	118.48425406	-28.40037082	19.73769755	13.92673673	106.56067669	-28.93097101	-31.88728798	-7.48684118	-33.76791075
0.38	103.42317515	-7.90590883	34.23019986	-29.98379898	9.22380551	11.25910063	94.91752365	63.23407879	19.96267348	6.70782609	-15.78671717	22.41097635
0.39	110.10652739	-20.18686196	26.00684050	-26.06001472	-4.19171601	15.06770045	112.14170120	80.10247837	36.03465010	39.63219369	-8.37666582	13.27029938
0.40	23.66927951	-21.51541272	25.60222147	-16.79958665	-31.46336599	-35.37176183	58.27772800	2.22282175	-35.84665600	-27.84776136	11.14367032	-10.42661663
0.41	55.72947461	-28.10787734	-36.62543777	75.60602474	-0.47893170	31.74531701	88.34864084	33.10950413	3.11854455	-29.09886666	6.12099115	5.29241502
0.42	18.28040866	-18.92219983	-38.32945993	-28.87974679	9.67201992	-1.24129034	44.83775410	69.04774887	-16.91070084	35.75271708	16.48390158	19.15721517
0.43	59.14500453	-30.05838759	-34.31140346	66.54032234	6.72861598	-16.67273043	81.32246288	94.55845619	4.87923617	6.25621211	-0.77269119	-2.66854837
0.44	20.68668383	-5.55374775	-12.46309350	100.89034342	-32.66790503	-27.98350614	43.60175265	49.45734777	4.39646971	-23.51259568	26.90425886	0.38585026
0.45	28.74285008	-17.38970316	-13.99908606	105.46698815	9.93281937	-2.93159067	71.45737484	128.75405809	24.56427211	23.78436631	8.96897395	27.72291752
0.46	103.54115280	-37.63451440	28.08272816	-14.26963473	-11.49528891	-8.61223247	28.95589931	107.74008338	14.71738420	10.04108358	-14.01352297	-17.88992848
0.47	4.07363903	-27.03277043	27.37931560	6.64897845	-0.18546092	20.77329038	64.00041599	56.80779746	24.24031433	14.41256431	-7.25399059	-8.87026249
0.48	63.47807170	-11.29523638	26.78317614	-4.11993874	-35.51872169	-9.29424983	60.74392575	44.05326073	-31.25140360	26.98692106	-27.19127920	11.65917120
0.49	-17.39769846	-23.31831544	-1.35790513	57.59181972	-7.72934889	-2.25331455	7.10091007	4.42959080	34.28892886	-28.06852817	-11.51845918	9.29883501
0.50	94.89662215	12.94005590	4.71429814	96.11656254	-25.48381362	5.64392578	23.46461929	91.47904933	7.92115297	9.25474823	11.00049715	10.86351797
0.51	88.06474612	-36.50570711	-5.08747169	-5.69378533	-16.56434768	-12.73931646	96.88808867	34.82220282	-27.57686878	-27.95948720	2.71533345	-7.33437368
0.52	5.90541645	-1.12440421	-10.44901268	34.84266626	-17.87128699	-14.42491735	73.72647716	129.20503372	39.26246443	-12.25437388	9.85721456	28.25296716
0.53	101.47263462	11.65912951	-33.20688381	26.84274337	-34.40416179	-14.20879097	40.47898858	67.81674436	-19.64782861	-18.59912946	-13.19147349	-24.74862217
0.54	-21.21479478	15.24854933	24.12083966	56.70275779	-28.33890777	15.20438051	43.66319616	50.32426884	-3.89547704	-18.40170053	26.04427796	25.13117544
0.55	20.41755908	-10.94773995	6.40910465	65.62901891	-4.21238817	-3.61584630	99.17474856	17.94775938	28.05833677	6.04295538	-11.36796822	-15.17334383
0.56	-7.45807997	-15.81379385	3.63400187	56.02492526	-4.26929436	5.79611665	46.32531655	129.88384455	-17.17421702	-6.99090877	27.62480106	7.27810042
0.57	37.55090500	-37.86092924	2.30979184	47.83778853	-6.57588445	38.60314297	63.62807550	66.19329830	-34.10157496	-17.42653676	-16.21451334	-3.33402455
0.58	89.44864054	-12.12123545	-27.09866636	59.90850459	-34.85988339	-21.45165969	112.96434587	92.24203146	-33.88094194	9.25858429	20.63287727	-27.45224847
0.59	4.59633135	-1.00580652	26.30231284	-13.45024631	14.53745232	-34.59022388	88.23243420	57.41370930	14.42547961	27.99834023	-20.47943872	17.58513613
0.60	-22.19680484	-19.70668231	14.08096057	-10.83828873	5.69171853	-21.23872726	81.60858163	63.43574244	-19.51123946	28.55462243	0.92592715	4.35295056
0.61	30.68277597	-30.29554195	-4.28754487	53.36701754	3.12828369	16.16934062	115.02371568	6.95910197	-25.37266351	-17.70729746	-6.18950492	14.59955971
0.62	-0.22304332	-11.76264276	-11.62856452	-0.55923166	-28.96509174	20.38470217	24.49123615	137.10811561	19.59044036	0.67678009	22.54953804	3.06090392
0.63	-16.38704316	-30.26088138	-34.25431083	54.21523122	-13.11998709	-24.83063584	24.07022110	33.44837094	27.87497137	-35.91089067	14.92928567	31.64678018
0.64	57.04985790	-6.52393825	29.02510813	82.49974740	10.04613877	-9.30490050	45.23765947	132.14028275	6.57828398	19.99820705	15.48380362	26.17283762
0.65	14.80441992	-12.58023630	9.88591867	91.22125914	-16.23596724	-5.84650881	72.43651907	94.91087352	-10.40521422	19.40341728	7.89140879	-23.27255966
0.66	70.79923169	19.68843543	21.20256286	-10.88771137	-21.11462543	-6.94234716	114.06178326	115.42333710	30.64103991	12.05352320	-1.96297580	31.74838366
0.67	-0.07268340	-30.22626985	29.00398592	-17.85960763	-18.35526483	16.56007127	45.64638219	101.42122587	33.47840234	-9.74281493	3.03622938	-8.08071887
0.68	111.31696658	-1.88724522	-11.88714005	-23.55349791	-37.55802127	37.75514296	63.97843813	79.22960759	-0.90727012	-6.21192827	28.91665712	-5.98112177
0.69	24.76652524	-28.03508179	-7.51085900	41.73445720	-24.51580764	-22.68712915	29.17304478	4.33263006	28.10182127	17.40320416	-6.69793283	-15.04487118
0.70	-14.17570806	-14.89171671	33.22773477	-8.77761537	3.68178018	-1.93201239	12.44476873	71.60572481	32.76904815	-34.03610165	4.65415435	-3.54509034
0.71	64.36622273	4.84626830	-31.36052059	94.01469796	-36.92327920	-1.21335801	37.94835454	65.73040780	35.90719612	-34.02718943	-2.29459273	-15.21472525
0.72	109.07318296	-10.17039484	-4.19132869	4.92276758	-0.96864737	-25.70834427	2.77373781	15.41746761	-33.52705128	23.22541046	-1.47251863	-25.25038963
0.73	36.05657321	-18.35804818	11.50694181	37.08652622	-34.22380411	1.30659890	75.48562557	72.17971518	15.13591882	18.88396809	16.92474157	-25.34241603
0.74	113.18857405	13.34799516	-28.82298825	11.98601487	-13.74820078	-22.05829703	120.90021847	64.53123083	6.64480209	5.76995770	-23.78220988	-6.11378991
0.75	44.98437205	12.32777537	-13.13367927	-0.49839232	-26.40657209	6.33412134	11.77616500	111.77891188	-19.51648317	9.91944092	0.28891274	-18.28403545
0.76	33.78429373	-17.04825702	-18.87730705	111.23444820	-31.54510607	-15.30205758	112.31110272	26.89170887	-30.51173672	-20.87390748	-0.71479193	-14.41536390
0.77	63.03201780	-34.32022023	35.75030582	-19.16937097	-20.53379271	-14.83939185	71.41149782	50.26783797	-36.90693281	35.22293245	11.04456525	9.38248951
0.78	119.26447579	-19.42801759	-39.90796291	79.83546078	-32.03000467	-1.48660548	139.49098925	73.57443763	-19.34284905	19.49240530	-30.30887057	-21.94302282
0.79	112.34155124	-28.80293671	-23.91709121	8.19807375	-16.60585403	35.47905562	122.94179774	93.06917585	23.23812514	-14.97305778	-25.76056732	-25.38624206
0.80	39.00677090	4.69233498	38.70621352	-14.69178666	-11.66478192	30.66416621	118.16377504	101.51999676	-15.38630883	29.94121316	23.22718384	-0.93706430
0.81	83.65932680	-1.68640544	-16.57885123	-4.60207571	-1.42500913	13.63260149	120.98554168	55.54524566	1.41310981	-27.94925147	-9.86534948	-4.14506668
0.82	44.61340432	-9.69139561	-23.66589070	27.11984483	13.18831493	39.30677697	99.74706451	92.80063440	11.50677502	-39.32317156	8.14027138	-28.70089751
0.83	49.39682403	-39.01752981	25.47669890	67.74263979	-35.61706433	-12.34418295	137.84781456	109.67513304	-32.36608811	-3.75428398	-18.95216493	14.61296293
0.84	87.86785511	17.96553514	22.09562551	73.06315344	-16.51274930	-36.89393463	3.63022826	129.05351393	11.97950719	-6.12270871	-18.28101934	-17.09618222
0.85	32.19837740	-39.19194760	-8.68967558	-12.31759309	7.90248140	-11.50514630	61.66728891	18.29104772	-16.71302027	-6.67080367	33.77055461	28.35342858
0.86	80.17253577	-8.35302885	-5.05984006	32.96470224	7.24384884	-3.84063331	131.18352845	107.41329058	38.88295027	25.90251189	-26.13393757	30.97662406
0.87	76.67143170	-14.10133753	-13.94836248	-12.54998402	-12.36256149	-1.09420869	35.67831316	85.88745576	-13.79265358	-29.83812998	18.81702494	27.34703856
0.88	109.80895299	-24.28634427	26.59303515	-1.90071794	3.19366501	26.45153253	24.14336722	14.07993789	-16.50185789	9.16315914	-34.05025874	-29.08612294
0.89	-12.76010501	13.39982549	-27.16888093	4.65387058	-6.11435743	-14.96130774	122.94380697	101.34284043	4.27741597	-11.69089810	-0.35914261	20.46313835
0.90	79.35226756	-19.41636997	1.28312025	110.45321947	19.35400914	1.48863469	39.36371988	14.81677210	38.97372421	0.41720789	-34.93835487	-27.05411818
0.91	109.11358929	-6.09354799	-12.97606862	11.87243314	-4.28559600	28.56481067	35.88715615	22.89249895	26.53174110	-19.04099497	14.76742577	-5.67452487
0.92	115.18892849	-32.16624394	-36.58182758	-1.27886887	10.40926071	-25.39625199	102.88327392	115.18515189	17.27919309	19.57158150	-5.97061512	-25.04633151
0.93	-27.79405426	-36.85366210	31.40410741	117.46545875	-30.25383991	32.73232186	34.37569951	69.12246138	-28.76336193	34.17655826	-0.47294903	12.64641330
0.94	99.54601354	10.41352468	-11.12972900	73.99778325	-1.37957149	-29.03765626	139.00453189	84.87412116	18.08302166	-18.14178884	13.75396646	8.93444154
0.95	117.17925601	-32.26784761	2.11115168	34.79552899	-8.53673636	15.37028626	0.79936103	99.36254695	29.18007600	-16.54519149	13.18206510	13.43650421
0.96	113.58152694	-31.88478772	-13.45411126	113.44687043	5.62128398	36.05936206	67.10183202	101.76578919	19.68061408	-34.09088612	-24.69236739	-26.16980813
0.97	-7.68539817	-0.58963564	-25.72776927	99.12970792	-25.11133036	8.56675222	7.55896070	81.17363263	6.78494800	29.58703396	-19.44174899	-9.14117093
0.98	115.89432207	-27.10589860	1.12378989	109.50060188	-19.98037560	14.79717219	114.80471817	129.34397544	-26.11165243	13.87169452	-10.38980496	-24.34566716
0.99	103.49033336	6.85239810	-2.73521523	65.97732658	-13.04554495	21.40119868	37.82280698	135.62724623	31.27522186	17.33674885	-4.69264563	26.02094717
1.00	93.35607413	-35.52052816	19.28407121	8.11513969	-12.25268391	-20.69663868	137.27139212	118.37409625	-11.11109432	-33.71026799	-30.65560350	-22.69737772
1.01	41.99818857	-38.12908038	23.64262605	92.86709542	-22.24795952	-32.04185225	66.70179519	58.29798475	-12.72124980	-10.44994214	-15.97624722	26.18217523
1.02	4.85593795	-17.24323894	11.47480145	93.45584722	-5.64759394	-5.05922265	91.78558972	107.44032715	-31.59079635	-37.81570091	34.65322362	9.62487067
1.03	90.28208681	12.01762159	-33.62395823	67.87930324	-21.94387716	6.38735288	137.56748611	114.68447693	-24.21217251	-30.44100262	3.67994531	-24.69757378
1.04	108.52952397	-31.93216500	-20.05271392	116.58142937	-9.60695016	-18.41007941	100.86943365	130.74751831	16.97626459	29.11378831	13.92935612	-27.26026868
1.05	9.91954084	-39.68266342	-25.74052004	30.84099758	-35.62499227	-36.49598326	126.23565908	39.94883531	5.14637615	0.47875682	25.79238396	-22.47630166
1.06	50.84016114	-11.07486256	-35.86218839	28.45669672	-23.82635550	27.01576629	90.16920198	128.18086875	9.42533836	-30.28385228	-33.60812935	-8.71898146
1.07	36.41292435	-13.06679228	17.68422830	102.35650183	13.68454857	20.08787109	86.37643364	65.29220691	-7.60479793	-24.25228989	0.65032228	-16.03255384
1.08	109.65259740	-13.72199140	-13.55324549	22.11532881	-27.20538092	35.69818927	81.44766051	87.14912278	-0.84825351	-10.60414355	-21.30995237	21.09791163
1.09	-23.92339332	-26.20894673	1.34774483	115.46084584	-31.93446274	-27.70122313	40.64297407	23.82024277	35.19462931	8.72056949	-14.76949093	-9.93091002
1.10	79.80092935	2.61690360	-0.70014231	105.52298523	-17.83668467	-37.33230229	38.72081958	100.71349216	27.22443685	1.11433480	20.94568562	9.01621275
1.11	62.15598704	11.09954608	-5.27782603	70.52321113	-30.80384682	19.10868485	130.86037728	69.45500040	-14.08187738	14.07510071	-34.30909259	-21.25528313
1.12	-25.74519523	-12.76547450	34.27386071	105.77680305	-0.41291544	29.30714018	20.05322052	81.18578801	0.53115197	27.50465179	8.23011590	6.05384492
1.13	77.88296592	15.55451111	2.95962332	-7.81733643	-31.00612179	-22.22956972	80.35392466	54.94173557	-20.80674702	-17.21823438	7.40490851	-34.52077827
1.14	-27.60124057	3.00138277	-28.94703688	72.99241587	-13.32598027	-9.81217006	86.32260778	69.13750250	30.75433007	-20.66890262	-27.74948498	-14.61710600
1.15	83.69265035	-35.39301597	-32.74190058	83.51957857	-10.97085084	27.79859896	76.44098744	99.38906996	-31.20667878	12.09588122	3.54871720	28.54434834
1.16	46.91380849	16.42625891	-1.51901682	9.71311513	-27.15944819	-39.08148168	23.18539929	59.70646343	-14.46821179	24.92628733	-12.18701843	-10.36904371
1.17	109.36563312	-16.42660874	-31.01644842	-6.53982054	0.80424881	-18.63360865	22.45294416	117.84696083	-27.80146232	38.73441155	-28.95900415	-16.21428862
1.18	-20.08762549	-2.30406557	8.21808352	-29.21943324	16.75900821	-29.61881491	52.72917825	114.82137956	-6.22747214	-10.32790198	-23.54292783	-11.01636679
1.19	96.19759194	-29.47151757	0.33148821	24.84608951	-33.31507182	35.82790962	27.67520378	60.36438895	19.88511686	31.54917677	4.25551718	-17.13730991
1.20	-19.99649868	-8.72572227	27.66346549	58.92964791	0.66187754	-36.45472135	90.35784785	133.06845153	33.26829416	9.94904964	-20.90092594	-10.81574312
1.21	21.64649682	-26.77143303	11.95015460	64.54201212	-10.89988008	2.61929374	53.50921303	75.89525555	-8.39373460	-1.61830701	-16.76236458	-3.94955270
1.22	34.54480979	-0.71184144	32.66962847	0.13839868	14.86345085	16.15370065	15.39169956	1.39184258	8.63792287	0.71744990	-3.75409372	-28.20768616
1.23	114.90931212	-21.64834803	12.79076347	79.28125059	-6.57877230	-1.98676071	122.62088033	13.87497810	7.52541021	-39.25388113	10.54979417	9.83563346
1.24	54.33477633	19.80937497	25.59715820	12.58088706	-11.83125727	-18.97819967	38.26093245	101.26480185	-32.09784617	22.07573975	-34.37486616	-0.15154782
1.25	8.82968898	-33.46644265	4.89674984	101.24764508	11.60010311	-13.53147705	12.66931721	117.23179512	29.53910755	16.13053105	7.92537179	31.74843050
1.26	6.25135711	-6.15957312	-1.85253441	64.42841591	-16.72360635	-22.13716693	32.81997305	6.48711281	16.31446753	4.86895859	11.57313372	17.51913783
1.27	103.21774810	-28.98589286	24.30764471	113.93011769	-24.86098001	28.37795947	21.13178357	47.97264106	-3.81320286	-2.46051875	8.29171790	-23.98124633
1.28	3.88041426	-22.27349239	29.00217992	31.49249433	-20.51266811	-39.77326893	49.13436552	3.26216582	-21.94212956	38.28715173	25.71449508	-31.60481661
1.29	-11.31679412	11.62167435	3.53277271	0.91101410	-35.05793154	-29.93191491	51.05227895	130.37302921	-37.53616926	35.09513851	3.36925212	-28.58845557
1.30	13.24961355	-9.92344509	31.61466246	70.42325075	8.05786301	29.33153889	35.80753343	122.83656340	39.30339409	25.07080089	10.68461883	15.18329578
1.31	57.91845972	-34.65929981	2.18876087	81.39795609	-35.05720928	38.48593543	134.57815386	83.18331892	-28.06499867	33.00855757	-15.52182481	29.50621548
1.32	53.11357533	3.71672850	16.90091853	67.76952982	-7.73615411	-4.57999225	6.86524002	25.10012560	-12.15503267	3.13003214	-7.86720995	-8.08384717
1.33	91.45661639	-13.35406615	-16.18637244	7.69348470	-23.79930967	21.87902455	52.53960641	73.99379478	26.68501794	-34.61613034	-33.65143244	-24.56779965
1.34	54.07139280	-35.03886099	25.48034521	-4.53967827	-20.53429388	30.81073991	125.62587297	137.22473026	4.53705920	8.54811846	24.57689710	18.63702977
1.35	13.26318216	-10.92657907	-34.96222303	78.15492712	-17.93272032	25.72942245	22.78111893	87.84565630	7.89959295	-6.19108781	17.52490947	-11.40442118
1.36	31.93445140	-13.26832723	12.05774242	-17.68258006	-28.11283473	-6.35934018	32.79534536	28.17754020	7.53735137	-9.50934451	-19.16544503	16.13124014
1.37	92.71814565	-4.97274034	27.77435776	23.34364160	-14.62393689	30.35677522	90.92808956	69.87050559	8.25467094	2.34371251	-29.56243220	-28.25688782
1.38	63.97596936	-13.93732652	-26.41486713	32.45026312	-22.95636659	-3.30249734	106.74237259	69.64438209	2.50900148	32.98811713	32.30015420	-31.40501828
1.39	113.86164640	-3.94589904	-27.21254729	119.99951501	19.78705896	15.43156358	92.70784290	20.93757838	-29.21570301	-23.44692586	6.00901329	-15.64543418
1.40	25.41066166	2.23038708	-39.97294920	17.07172776	-7.30274755	38.81058367	117.96125992	49.04453788	1.45145123	7.34214203	16.08062456	9.83200326
1.41	52.89172658	19.36773470	-9.13964887	90.00419804	-3.91056747	-12.07307744	116.31470192	88.86690132	9.25498379	-16.70359851	-32.24079903	-33.19554174
1.42	59.08863024	-6.54249935	-13.45913025	56.09315510	-39.20246806	-9.78546408	68.01008813	8.28770846	16.73329043	31.55036146	-17.74327813	-20.43112988
1.43	97.24368124	-13.56295565	32.13954915	49.53451157	-27.02845039	18.97710278	96.61756780	95.76072614	4.42612023	-6.72156945	13.56487056	33.92159093
1.44	-8.17896927	2.72278672	32.45999336	50.60819457	-28.25226254	20.50982737	73.43941030	55.11627809	37.84166836	23.40097203	28.61943254	-1.86480149
1.45	30.97655051	14.83154100	12.99868443	74.74051673	5.73366650	-33.15896115	6.15238833	19.32303482	-16.10387859	30.97984666	34.38480246	-3.06593252
1.46	106.49384425	-38.61950882	10.35189938	101.82458466	15.50971349	-22.93040807	88.33217725	93.20835995	7.64412753	-22.81195701	18.74932304	4.11709732
1.47	-23.53996671	-37.83637354	30.36059435	58.95848879	-25.45795223	-7.50439200	126.67694971	108.79513106	-0.03649423	-16.21019587	4.36838431	25.36741629
1.48	93.40594203	18.63939936	12.72849501	35.27324964	7.46547223	-6.95919575	50.43428963	61.98041951	27.55406684	-23.37194983	21.72115046	-6.67746310
1.49	32.30760561	-7.23948666	-28.36542734	-17.97362324	-35.72730258	-29.71285721	98.67578616	77.40025830	-35.23393471	-26.83308241	29.23822456	27.12197478
1.50	94.47059779	-36.89340044	-24.68246111	-15.13449174	-12.89421918	-28.09904892	124.71773505	40.86435260	-4.27417185	3.73862988	2.08662039	-33.57435366
1.51	-28.50681588	-0.37762183	-14.11485353	14.68807481	-2.56882583	-16.65450464	32.37794295	53.01812907	20.48226165	-19.76391677	-29.19359425	-25.34503289
1.52	24.75692366	-34.20833961	26.63510301	94.54725429	8.16747751	21.03492700	12.44508146	90.14326316	-28.80494595	9.63576517	10.70506101	-12.43393153
1.53	-18.20549443	-33.63137185	31.08273095	86.32415159	6.56983728	0.15707114	6.71639326	21.43154232	-28.31997476	2.08781004	-12.02334906	-29.93043764
1.54	67.89218645	-15.83601079	19.18813736	-26.49654188	-37.63104982	-20.80798122	52.62063661	120.84072289	12.95910493	3.49861753	-6.36904976	-16.26737421
1.55	11.07736479	-0.17784668	22.57422421	71.79103633	12.43824161	-24.18991899	114.49711511	111.57336371	3.41545853	30.48196258	-30.18184374	8.45497572
1.56	75.39781060	9.20723184	-32.44072957	2.91437826	-6.69797814	-34.81680063	30.23225203	10.17922111	30.24165174	0.32399484	-8.97101959	8.77882748
1.57	111.57021404	11.23216822	8.78794420	80.27845079	3.51823209	-3.53760239	101.33468243	7.77026753	11.16484742	30.76432310	24.20352307	-17.40014665
1.58	-10.97743466	-16.79325025	7.22329138	-7.08800901	9.12818536	38.89021346	126.68935935	7.46242172	-5.05083934	2.30077406	23.27966527	-1.10733843
1.59	99.71674431	18.81091367	-16.99936325	44.23027677	-1.44265997	-18.16453974	73.09428720	2.81608402	5.19173071	-29.21231869	-26.50278648	-4.58201685
1.60	-21.08037726	-31.63207355	39.36799988	55.15977249	18.61305272	10.38560723	120.79977043	9.93273581	21.85462125	38.79165023	34.51745429	23.47356665
1.61	27.11557625	0.24281932	-38.79953325	95.53938997	18.26638941	-2.94386165	139.55566563	89.05336150	-2.94093915	15.28207800	13.33376072	-17.21701808
1.62	34.46610918	-26.10226282	-13.46075437	65.04373166	-39.40220016	3.89166371	79.75698341	124.65928585	16.09562958	-32.98745790	-8.33957678	-29.39491985
1.63	43.32743203	2.49394491	22.20918142	28.19144533	-24.84070732	-22.04427641	88.32657556	50.96207899	-35.32009213	-32.64767262	15.66840767	-33.95319497
1.64	116.46934829	-11.83960146	-14.16758345	113.29633410	-34.45508985	21.81531845	12.74495209	103.54247042	-3.20056533	-13.08844682	-9.34354988	11.29329864
1.65	86.35367822	-38.18241055	-33.76749655	50.40134269	-13.21115323	19.42193325	113.96787209	44.27422871	-2.95011632	34.72763688	-9.84371126	-26.50099273
1.66	16.32860441	-37.32052448	12.12412598	20.99658912	10.88782082	20.92008454	117.42509123	19.96296152	-9.15568926	-17.29256323	-28.61186047	25.43314054
1.67	10.47551783	-22.24583548	-6.44866730	4.93247906	17.37994263	5.82061351	78.76832013	47.70257703	-7.86140702	35.72681905	-6.14388361	13.61607135
1.68	99.46803063	-34.15502491	-17.96098552	65.05360745	-32.95569235	-33.11143269	29.95354445	116.99665183	-17.43341911	2.58060465	-13.47679515	-4.76149048
1.69	102.19607591	1.28453811	-30.34996811	13.20932072	-28.40384681	25.58657740	40.29332615	22.98507907	-3.94586902	13.57916259	-18.51310289	22.75774260
1.70	46.60597583	-12.35480417	35.68538269	106.27350960	-23.29782355	-38.86282644	62.48715449	96.19370614	-20.80099375	-34.86170547	-5.48259111	0.44207259
1.71	21.64435964	-1.35904274	15.56390963	74.05634121	-29.79308757	-20.65393364	92.96003965	47.08275455	4.89572369	29.75825449	-8.15503428	-18.70198635
1.72	119.23760222	-0.00392952	34.70635291	75.08136593	1.81464373	-7.31743812	66.72640264	42.93258390	0.32622593	31.41763159	-10.97134240	-12.53458128
1.73	17.39153181	-37.15018863	34.83195199	10.52508460	-17.28651014	-15.49992482	125.74509183	53.09276164	-17.64093984	6.89578817	19.91687347	33.24318487
1.74	-2.59314316	-15.12490624	-19.10153057	-7.47608589	4.49350953	-0.06695747	95.81938699	73.35471228	-31.17443697	-4.44235875	-9.19237494	18.70554424
1.75	102.01471820	0.97299058	-33.60150831	-17.33740171	-10.51572481	-10.38160251	68.65533656	57.30346456	-0.25411120	-29.67670096	-17.61764174	-8.69976878
1.76	91.85030972	14.18693503	32.79255856	109.27268426	13.94033981	-13.45117653	57.85564528	99.22448894	19.90662825	-31.42180635	-16.17170404	-14.12169542
1.77	70.18341084	16.75992124	10.56476003	58.40133835	-23.66208703	-18.93337266	117.56482061	69.37160299	6.47852426	-2.62558126	0.90854707	-19.35649188
1.78	113.76204477	-17.03758460	-16.86654287	67.22980553	9.57681828	-34.23857227	117.81862334	102.69399677	9.22873112	-1.87859213	-12.88241429	-24.13955380
1.79	108.85718658	-5.41918402	-10.25622750	73.22502928	19.44692282	-5.25654486	57.63869482	45.31438706	38.81440275	34.34770196	-31.72743232	-34.38554622
1.80	82.23727550	16.04113117	-0.88386486	24.04863070	-38.26460443	-37.49698293	137.79338079	73.77556495	-18.56374365	-38.31766246	-34.23062692	-7.16415257
1.81	99.10521143	-37.28931555	8.96806122	38.83568331	15.67719957	-33.20031043	65.10990684	107.06723252	-31.25715167	39.20670485	18.33305221	17.31349778
1.82	7.07201105	18.57128744	-34.28401753	9.13468413	-37.63865785	-25.66948977	6.22075502	73.79676999	-9.67772543	-12.44636181	24.59429437	33.48304856
1.83	-8.81301646	-12.71264317	-21.32736783	-10.43994743	-33.90668275	-14.38412607	59.75556994	61.09616292	-28.40298233	9.81991154	23.29013007	-32.50047322
1.84	70.50927740	10.96089775	-29.46413042	77.66011068	-19.80076615	38.17353534	51.96605624	121.61850323	-16.31806387	-35.46816484	-17.03121046	-1.02585159
1.85	77.19278050	-29.93013487	30.20336496	116.46035127	-24.79933735	23.61763702	97.01079337	86.08842674	-19.11895411	36.69483063	-18.06732781	-28.26222009
1.86	-4.94206068	16.15060438	-2.73305433	9.14322909	3.96767610	-38.32134309	110.44933377	94.78917736	-36.38807654	-35.67627406	30.31758928	2.67247141
1.87	29.33359097	6.46737174	20.11583398	0.20973313	-30.36218807	18.69588405	116.37379064	89.79462426	-23.66385502	28.21817104	34.03830348	7.81659613
1.88	106.53836493	-0.82424889	16.87436797	47.82399995	-17.23024463	-26.55072754	36.83387069	84.45814530	-20.36545647	-13.77548207	17.11499416	-24.63909906
1.89	54.21011513	-29.61625234	-24.68247422	6.81854300	-32.17681431	-27.05020750	133.85263375	93.75015889	-7.87586238	34.49939467	1.23947741	34.13878997
1.90	56.75038724	-13.70365840	6.46961728	-10.21583960	-6.50120531	21.49892901	5.47992029	24.67271279	-16.57351573	20.10343838	-31.62363031	18.59140485
1.91	-0.88053407	-4.85863239	-29.27749309	4.44674009	5.31326994	-24.00685177	120.02998889	117.91447745	9.32674601	-31.19560408	18.61736643	-10.80182824
1.92	48.90333729	-15.88303266	-19.77818991	101.03169982	-6.20463766	-5.85316669	29.86233684	138.83850376	-3.51434599	-29.40080930	-14.25420230	2.12340043
1.93	48.51520911	13.57221416	18.44288322	118.89239535	-18.35193429	6.18805335	15.11431802	76.34603810	13.19151187	35.90514221	28.19791518	-31.99708299
1.94	-16.65965396	-6.95277617	-15.25783159	18.97090521	3.22091092	19.12476349	90.45238355	100.67632151	-10.28549331	29.42365551	22.67339631	25.05791583
1.95	117.29140397	-34.65680275	17.93858971	24.68733444	-14.81786418	17.13323300	15.36883469	65.26271518	39.31865606	-25.60577844	-11.76042087	-31.34150837
1.96	55.70934007	12.52018750	-21.40240293	91.51756526	-17.25533554	-9.59525249	135.05663912	51.48953048	-10.39407995	15.70872054	6.79731262	17.99343962
1.97	-29.03866760	-21.32155416	27.25969055	-23.00983531	-7.77407547	1.13915970	130.98496762	85.36888491	-3.33885109	0.85246879	14.66436359	14.13508714
1.98	85.89738018	-29.70574750	14.55792312	32.88330353	9.37849207	-15.73672558	35.79142462	34.71840827	-14.62674627	-10.34453860	34.72309652	7.06345852
1.99	116.73985708	-1.42718779	21.52057932	76.02739992	6.79995654	13.94982094	105.66625816	94.50188718	-14.39902265	-19.32755951	0.04422415	5.23051545
2.00	58.48050425	8.47841498	29.63994527	76.84375468	7.01579311	-6.25006578	20.35861580	125.16839141	-31.16754146	5.10108183	6.61370347	9.83819032
2.01	17.95224544	-22.58172947	4.41965757	69.01334061	9.48196512	24.03578414	70.31891367	112.17209584	-24.90708541	-38.16264565	-20.91760516	-22.54797438
2.02	-1.87384264	-10.75692449	-19.37816000	-18.73433533	14.35167114	39.97928544	3.24961467	72.86978117	16.14881553	14.54225602	-12.49707539	19.27545280
2.03	70.87899509	18.07888387	-2.75788475	25.18021579	1.50699005	-10.51479367	91.65426957	71.41837560	4.10022513	-0.88479018	7.55564748	29.70841982
2.04	-0.73389023	-13.48230576	-38.03091589	71.87380945	-6.73090065	-7.98310237	95.09854857	122.18211592	-29.34277615	20.08497824	8.55745070	7.35327186
2.05	56.65318388	-17.61678211	-4.36672132	116.59787236	-34.26797388	24.66854555	137.46648398	104.55972408	-21.89053968	-3.17082891	-19.09190398	-12.31014029
2.06	60.33587646	-6.97468747	-7.90310605	45.61033249	-2.79223346	-15.56794182	83.42122188	139.53305324	-1.20780247	-13.99916964	-5.66797324	-18.61016989
2.07	114.36346397	2.42482231	-36.15402943	53.58489560	8.31584776	-14.81560762	120.18972349	65.90783583	-38.25255372	-14.59791631	-14.58596115	15.52053078
2.08	-19.16021017	-1.40616599	-32.27965622	99.26946945	-11.26299461	3.17358593	97.02549905	18.98831390	-4.42029979	-33.68337392	-28.83932655	-3.33660823
2.09	44.99592355	-38.00823063	11.35153688	-4.02511734	-8.34582766	-10.36878693	133.97682292	118.44514968	-29.90447086	-36.31323962	-27.63839235	-15.76374457
2.10	81.61462189	16.37986478	-35.60955201	69.21569209	-15.64321326	-31.10827615	16.08714487	51.82225615	-20.42523767	-36.82730852	22.15494741	-23.46587605
2.11	-3.41598893	-12.48880681	-8.74782159	5.75337076	-36.45856746	-16.40376630	62.99998354	136.39758861	-23.97929317	-9.47443533	-11.15859582	18.62335786
2.12	28.21000977	2.25325798	-15.14898370	33.65650121	-3.66631625	39.82416666	16.46508655	17.70494185	15.20403420	32.08364177	-5.12120840	6.18236850
2.13	-20.56567523	-4.08028705	-39.21866491	60.64855412	-5.67526223	-4.61056826	9.63851602	49.85209317	13.53072448	37.50034070	9.68616360	-22.98174453
2.14	78.88212957	-30.14624512	-34.04883397	4.27848765	-3.39727364	27.86953093	129.01894040	86.12095589	24.88939508	-12.75424464	-34.94765840	-11.28950570
2.15	-16.83481699	19.68447362	26.16282444	62.23597083	-1.52328263	-29.77052751	95.64752214	103.08802645	-5.34804951	5.97776234	-8.13644729	-18.46100226
2.16	29.26375625	7.22706311	18.99444512	12.87002900	1.85582246	-4.62752407	128.18266794	63.10288188	-22.74509446	27.39688635	-16.32298731	-5.80133081
2.17	101.02839467	0.36346761	-18.61972381	7.59577047	19.43464757	-30.96241621	76.55596414	138.18317020	22.61523299	-39.70359481	-26.75513412	-2.06896395
2.18	40.84505051	-23.81823627	17.28095583	80.28731721	-36.63197511	18.00218194	76.54433986	128.00826016	30.36372116	-18.80242130	8.38577861	-17.35201706
2.19	106.89329005	-28.51170722	-28.82624654	105.23344848	10.20922735	-13.64597783	107.81980540	52.96312128	31.31682793	-17.90452874	-34.40771465	-26.44831906
2.20	84.88756766	-34.62155941	18.33888144	43.88850803	4.83905798	32.00938650	48.29579629	77.75475081	33.52563075	14.60435770	-10.25714164	-30.35558076
2.21	107.29859402	-6.54178327	-30.21168718	-6.60591970	-30.68703315	-11.54387108	85.01149518	20.99185142	10.37487167	22.91998660	33.24529619	3.33123754
2.22	-10.88954864	-27.33393528	7.42167432	37.65164524	-37.60125403	39.70103615	27.33201741	2.19118638	-19.23548554	-6.16878793	22.78263061	21.87182716
2.23	-18.96556420	-14.74517026	39.81603875	89.01449268	-36.88757973	0.75589659	6.48791134	108.45766259	36.12232795	22.90209172	-24.01943759	-17.47466829
2.24	-19.45106196	5.66290597	35.22365392	-4.30114731	-15.73004661	38.14026945	47.88698736	93.49255954	-29.80765511	-16.59420173	3.56914217	26.75573913
2.25	100.32814415	-3.60585208	-33.52338184	-1.81939589	-15.61019515	-5.95405889	2.92540349	91.89149248	-24.69088594	3.24818343	-4.89932702	20.64962218
2.26	65.11049690	-20.94939064	7.52322032	101.76372575	-39.11544649	-15.17229178	48.35799670	62.66364288	8.18368327	-23.22392573	-6.47055394	-28.46681652
2.27	44.48575407	-34.42960574	-1.91222686	80.72855163	5.92692602	23.14275897	66.62785931	100.66372303	21.63149670	-34.49009082	27.86782632	-17.65502281
2.28	-5.46848757	-21.50942011	-35.88521387	71.81613449	-0.40523468	-10.27160023	138.76884184	135.43191101	-39.31604541	-0.93992981	-18.06367630	-4.32432266
2.29	71.06001566	-28.16175542	16.35163115	111.96898561	-17.68328632	-13.19873556	115.49451477	41.50642076	7.01965517	-13.15309700	-28.70950046	32.21324843
2.30	17.70260818	-7.28403404	0.45713245	82.18804151	17.35620128	30.89491589	64.45600739	91.93262954	-34.48452350	34.03713929	-16.95605445	-9.20544659
2.31	76.63197949	-14.65578898	10.10737310	-2.84322167	-9.99797459	10.28310011	115.51084260	103.70112944	20.12955067	-3.60007777	-1.91422010	-18.38729937
2.32	39.05329933	-18.47185155	-29.12925527	117.85159020	-30.33254268	-2.71425845	117.30942261	64.96281226	7.54990097	-20.65017933	7.37304220	8.14839585
2.33	46.12047908	-16.81780323	-24.55287688	113.65480266	-0.91920306	20.88183887	127.41021427	90.09192270	-8.70654685	-10.85143406	11.89298242	-13.76701248
2.34	88.44985987	-15.52047161	17.05855172	-9.17972265	-13.77124620	-15.69660800	64.18144880	21.61122691	0.65761924	-7.42620521	-13.27732207	-3.78535755
2.35	-16.08817867	-14.42715368	34.11670694	68.17739073	-13.48766715	-26.41496185	59.91085429	65.73690300	-7.84214082	-36.90916257	27.13169166	-24.86538787
2.36	56.81377550	-20.37200547	-11.52117619	5.37909225	-10.75913337	27.16780258	13.53475909	98.23165824	24.21078580	-10.93627070	5.09552917	-15.71589578
2.37	-0.41475791	5.58111032	38.71651465	12.26724739	2.02445758	-20.20949808	111.61821068	50.03572290	-9.61647570	-17.58601597	21.41357712	8.25824793
2.38	91.22051277	-8.24967566	-22.47549474	79.50172747	-24.56955255	-24.28959784	128.65785145	101.81544699	25.51597071	-8.16755759	-18.82698099	-15.82271262
2.39	43.32690542	-39.32246768	-24.95772357	-27.85005932	-20.37584934	-13.52250772	28.68143251	111.44566720	-0.32346711	-4.01457599	-4.25812202	8.09716761
2.40	118.30430001	-15.36062290	18.27342898	53.47616966	-5.54089139	-29.67367170	120.42021732	60.75274518	-8.84738005	-8.57616211	-21.72064706	-9.87162879
2.41	-2.55850130	-26.49994040	-19.40867396	114.89991786	-1.63345484	29.94937436	54.25166288	110.60419269	32.05615724	18.77853407	26.07735038	-11.24897692
2.42	114.45287102	-4.27326507	36.34441417	67.37455236	-26.14451839	-2.79880214	83.61049022	118.08503694	4.19596016	-35.56554733	-14.91120907	-19.75916575
2.43	90.13755549	10.36276372	-36.22633837	11.90603629	-18.41104450	-27.69160711	118.31795809	122.99967153	12.62466197	-37.97181286	-1.72279972	-3.81039111
2.44	42.18907449	4.60201271	5.44226508	119.72977068	3.37669674	-0.63252218	56.71160868	10.44634114	0.84704216	9.14166802	-1.54422346	-8.28473992
2.45	92.03010963	-32.61957124	24.19296713	13.79792208	-8.70875871	-6.74839996	38.72988006	64.19559430	24.52783217	3.77138679	-3.57998359	17.69267444
2.46	60.42733579	-9.96988067	19.29117127	10.14507804	4.21077257	-3.52741317	51.62713964	12.91731224	17.93730015	-35.97361646	34.89093539	10.15304565
2.47	68.26815960	-12.06912379	36.77849844	19.86622671	-28.53887127	-39.79913628	127.86626571	54.04921758	-38.74818926	11.91127391	33.37440485	8.60437401
2.48	107.05361441	-13.62478519	-21.69542046	34.20847446	-16.80442184	-14.06531954	82.26906432	128.81419479	-20.66585523	21.59638456	21.17618138	25.42518518
2.49	-20.20943754	-17.85645375	9.29142805	2.86069910	-6.43200548	27.06263953	120.92294948	95.21384451	-8.72677507	-20.17303659	20.11308224	16.44504211
2.50	95.24823059	1.20178095	-29.58563436	-22.19729278	-11.50761045	4.31102819	119.51815659	30.09981969	12.74215055	-31.75603567	13.87768564	13.37061556
2.51	27.27221699	-32.69871748	-28.35842741	76.54726853	-8.03804669	20.70552094	119.11397137	64.04475333	22.61487953	38.03971551	-0.32519630	15.31055109
2.52	18.83184242	-37.00660984	19.20759751	-15.61555963	13.39248073	0.16955597	89.48614787	43.47295858	37.01457400	-30.40238342	-8.75964069	-14.35894535
2.53	119.10401568	-1.39150257	15.63423121	47.15833507	19.54268699	-26.26232749	90.78110378	108.43687432	23.38482931	4.58423981	15.04666091	-4.52069722
2.54	87.17857531	-27.96785368	22.00145094	-3.73621567	-9.70548990	-32.31365092	64.76571598	80.22227833	30.16054611	33.85386509	-25.14508240	-12.07470985
2.55	42.83027082	-18.48152529	29.84246645	100.96082992	-15.04147037	-21.82585028	59.18537759	6.54435108	6.25773651	18.73006177	-30.66045064	-29.01203087
2.56	33.39425946	15.32357371	-25.05589075	46.41102423	-14.72650427	19.68078884	66.27983344	14.57900160	26.06374425	0.97014937	-4.60266887	-4.47971704
2.57	101.62933588	-31.48612571	17.21243316	53.87657791	2.23922194	-3.17986253	139.86174004	137.39723522	9.84642129	-26.98050222	2.85925998	16.13310209
2.58	-16.97776917	10.98741879	24.91233853	73.20093443	2.91484862	-19.69228163	89.95335174	52.63697540	18.94266461	-35.89627725	-30.42657186	8.72069496
2.59	76.26281354	-15.65478585	-20.55784394	88.30946523	18.29243582	-23.28090447	109.67707940	106.90991725	-15.05858949	-34.21865953	31.29010743	3.92781874
2.60	88.37319356	-28.49539949	-0.85624822	113.54215832	16.51611816	28.05025287	83.99902542	66.10717328	4.71903182	-3.93665877	-6.04252872	15.92696065
2.61	89.87945696	19.09305179	-14.41246551	0.96814576	-38.75395302	14.61912225	52.04583202	17.61571457	23.69502451	16.23499340	-10.41592970	-22.40315659
2.62	18.34300871	-3.54016536	-32.13622032	28.09849845	7.44093987	-39.61115308	69.33253442	73.74192876	-5.28294621	-12.12091434	26.15255705	-26.61511827
2.63	89.49587741	-26.66576588	28.82369513	27.21623314	14.57349309	37.61176752	6.19385146	63.51863252	31.49012505	3.60876324	15.46917295	28.00157946
2.64	3.79926628	5.80491964	20.17542358	25.93477251	-36.00488719	22.19852169	129.69402883	77.30373682	11.24812186	-5.79841914	-15.63118590	-27.88024718
2.65	24.34619257	-17.76798495	-39.13547617	73.94748387	18.54086401	24.72260978	117.74480708	77.01383582	10.62573250	2.40829900	5.59009658	17.99954813
2.66	32.61721683	-8.06449910	-7.95277769	62.18887418	-25.50807779	-32.53825066	124.43579202	8.13054448	-23.90718816	6.91477759	1.61443971	-5.36268187
2.67	51.21149754	-18.60611019	25.43323150	94.36944108	-20.59462130	12.09511091	55.13562489	108.26703775	-7.93205159	16.93740161	-5.44197755	5.84172928
2.68	-13.10795017	-30.18922491	36.68624830	87.08544145	-37.78532636	-9.97659145	40.96786787	40.58341728	12.13931012	-27.49465727	-18.61352540	28.61430583
2.69	31.04217010	9.67686502	-20.38794264	106.33782233	15.47350880	-5.53328894	28.98318553	14.16093978	18.21074982	-24.76370286	-15.29853760	-33.74096422
2.70	-29.95489648	2.39908283	36.15650680	102.08410503	-37.66917326	-7.04384135	25.43069708	31.33022282	-24.92930412	-32.25798791	6.20563803	-23.42697059
2.71	81.65710895	-24.36425953	-2.59702166	100.41672654	-20.21704378	-6.13868134	96.25468153	128.97749369	-21.35817028	18.91230012	2.20316626	3.27261270
2.72	97.78138684	-8.33874533	-36.03754064	-11.97714222	2.57589512	-36.17225603	59.96815044	109.95519118	17.76432518	13.11953144	-23.77437075	-16.04938891
2.73	-9.16024813	-39.23596910	-38.82477339	8.85893429	18.47525806	-31.08123855	65.94161276	82.03484934	19.57773523	4.58732429	34.07440821	-25.80756941
2.74	75.56786539	10.68971921	-32.31706693	23.18841959	13.25434711	28.98624226	31.66767524	129.17401914	0.82736114	-1.26577045	-17.67836977	6.19327516
2.75	93.16546326	-26.66002589	4.10663991	-21.05812281	13.99309697	-36.10943749	74.55250484	119.25956369	19.49141651	-32.07858327	-4.22219354	4.11707802
2.76	117.27424843	-21.53871472	39.46810318	95.61910715	-28.83730788	14.70984604	106.21069937	32.24557001	-38.45167884	-32.40684717	3.36699239	22.22668606
2.77	96.56858436	13.43874453	26.45316867	-9.77113221	-3.68170111	33.21335432	14.45004230	133.15599287	21.38295248	-38.89522395	22.00822208	34.68691229
2.78	33.61597282	-28.20756968	37.28899494	66.05499666	-32.03920431	8.07644302	112.17751116	44.73675289	-14.02543305	-4.46566203	14.13511624	17.22018434
2.79	116.95330628	0.58349751	34.43052896	12.26539054	-20.91566588	-11.48485567	80.46569977	53.53918029	13.58864311	1.36678656	11.52955835	-22.97877316
2.80	116.09766073	-36.68794792	31.64952268	-17.00474020	-27.00749763	-29.11798659	118.29717684	39.66895219	-39.60653236	-39.32980157	-18.23231678	-19.64079934
2.81	45.55154688	-5.66775339	25.06475729	95.19618260	11.07099406	25.42262452	64.39724947	129.60856742	-15.89410013	-29.57382040	2.77779602	24.35142973
2.82	83.01698079	6.20829453	9.17162608	66.43752783	-13.16020792	-5.96853554	72.66603003	105.24626837	0.02202771	-20.74538997	9.37747873	-0.05557867
2.83	107.07565015	-6.00363064	15.44742619	-2.09633942	4.00900599	2.45985217	83.97461977	122.67204450	12.02390499	-38.00834166	-1.35010279	10.54232463
2.84	41.42206080	19.67676747	35.67615807	108.99713488	-8.45368753	0.63386598	101.83026677	28.56155626	31.28827284	-0.85000663	23.49249932	20.91424450
2.85	99.56793616	-4.55024677	11.77568768	54.98577902	-24.22087912	30.55084532	125.77640962	22.43653946	-22.83433503	-17.90395721	-22.75053477	2.33800584
2.86	75.23528491	-14.77403024	-33.11863608	55.60314299	-3.24753890	18.13710894	126.63275745	114.53741357	5.45117119	-14.30738578	-30.72449131	0.26041036
2.87	14.08863840	-22.23943908	2.55705473	-27.08835821	-34.47061032	7.90295804	111.22790053	46.83099003	-17.46479477	10.92675835	17.44526825	-18.58967219
2.88	85.14784050	-1.98929360	23.27895517	-26.42011998	12.65725363	37.01581005	10.95907476	95.46421984	1.44895453	-30.90819134	-34.22102375	19.13978239
2.89	55.60271788	3.21491087	-30.95039620	-16.57916573	-32.78633104	22.28341706	1.55395031	18.47775509	0.89687947	39.55601121	-27.04547830	14.91084323
2.90	-15.92322699	-15.52236797	-33.76209243	28.41503378	17.80842276	-13.58331288	98.25002374	8.84750777	-23.25209096	20.96010205	3.96121407	18.44356502
2.91	28.70706395	17.03100184	27.92515371	52.97581954	-13.02284244	-5.57001950	20.35440651	90.59501969	22.31743096	17.52150108	30.35383463	-9.71779257
2.92	-18.93884799	1.26907180	-32.85533671	49.26685926	17.89069816	3.29269442	111.15514805	137.50380600	-21.80839046	-30.47682976	7.47220612	3.45560254
2.93	41.42504448	-3.42258419	-27.69447700	93.28447139	-22.13929908	19.58233332	126.59131325	128.69478801	38.96082801	2.05096063	14.12852132	15.94474129
2.94	34.28094122	-22.61907950	1.34045767	-5.05640722	-30.14191158	-0.59884237	78.24690341	99.28318036	-35.13617730	3.43017397	-7.01488816	-7.63949317
2.95	33.56061645	19.01308143	5.23361790	47.72571020	-29.57146610	23.78168519	132.09646563	5.02531856	-7.32969534	28.89757780	31.00341820	30.94851678
2.96	57.94505304	-25.44840197	22.87331768	97.46457156	0.19484553	-24.69792578	73.52527102	35.59788174	-29.35615760	29.42000631	-21.69962118	19.30713811
2.97	-11.59640097	-10.38527723	17.98410705	-21.95207363	-17.48168549	24.53109999	14.31101645	115.72740927	-8.88312169	-16.82186759	27.57247032	-2.89101109
2.98	110.06533649	-12.42373918	-34.04227538	47.16211223	-9.79289904	21.96533560	114.92600554	125.33680291	-11.72276727	36.93051913	-20.02119587	6.74942795
2.99	72.60756721	-11.79040354	4.89534155	9.75318369	-15.92206358	-9.38725120	109.63369541	118.66458663	15.70381080	0.42697745	28.68608919	-16.31329688
3.00	93.56720376	-18.35578126	15.01433753	115.12434212	3.82450904	-29.17547247	54.02256639	49.67521246	-5.34658946	-0.77118397	-28.97501705	-28.93267917
3.01	104.52018484	2.77119819	39.14051746	-16.35664306	-24.87557823	16.78839955	107.28614548	65.49179713	27.69283321	12.43321933	-28.13240673	28.15791019
3.02	57.49800704	8.89697233	23.82314632	23.59830616	3.30608046	21.16718166	27.47863467	126.32071489	34.48605450	-12.80247896	-12.27514931	-20.50714133
3.03	-23.96726686	-31.86583911	31.98020238	-8.03712560	-10.54896314	-21.15365843	25.60604342	75.23258478	-0.44744047	-35.35215255	11.50436421	-19.04856087
3.04	76.72302362	-37.55167975	-13.75263357	30.64765187	5.45457885	13.28275885	80.31517274	60.30724536	28.15348967	12.44947636	-32.15345848	28.01099900
3.05	55.35387814	-13.32756994	1.74885173	85.88885714	6.04207305	7.12764194	55.09806382	46.11628283	-35.64888462	1.56573070	26.89140175	-15.67130475
3.06	93.89358333	19.97343494	-35.63087683	-21.62262415	-26.99788824	12.75106265	94.60019061	92.61947833	-18.58173469	-8.81604688	16.62293624	-11.39976981
3.07	49.82407102	0.01826167	24.01340687	32.04129093	-5.32228247	8.93516208	78.00811594	76.82092276	3.87576914	31.52468975	9.71700555	31.39286456
3.08	91.98661430	-3.41822508	7.45096216	97.41828920	-37.23227256	-15.87450753	105.39822459	18.84162338	-23.03128538	-37.78685155	-4.20108106	5.27744529
3.09	119.55154396	-13.18351249	15.82116560	1.01201741	18.30202926	24.41172364	81.66643538	46.64757726	26.06652210	25.38085773	7.16037178	22.56726128
3.10	22.58322171	7.83336078	39.80617116	100.00278457	-5.18339000	2.59992466	90.88587857	67.60745011	36.09031751	-29.44755077	27.36617992	11.58531248
3.11	-4.34678400	-36.07166771	25.34762099	-22.41005597	-22.05122192	5.11021420	38.29077467	56.59307314	-33.40346451	1.79761787	-1.62041469	-3.01029997
3.12	28.75121992	-2.95086421	-21.98127306	-6.55783240	12.87871978	37.20184454	66.85201795	125.30523377	27.92769319	-2.68994124	1.24323538	13.04355365
3.13	82.95749848	8.86913869	-32.94737044	84.44179683	-0.44159607	-14.88652635	122.17402680	14.26409858	3.44748090	35.95929845	-27.40065117	-20.96512522
3.14	35.88433978	-18.21048141	-12.85628153	1.53955629	-36.83069160	-24.46860873	29.81757298	109.02941594	15.41593152	38.92516369	-3.75229298	-27.97470865
3.15	58.25701641	-12.97300099	14.12731696	-14.33847759	14.99185658	-22.14679040	53.46350519	85.90838651	-34.94283416	36.63309194	-6.27247556	17.16540263
3.16	-10.89622921	-21.83824172	-36.85430714	51.51074905	-29.05391781	-5.11561755	118.91654123	56.90881372	38.87220992	-37.72570646	-10.99996672	-33.54754726
3.17	78.91852664	-12.62849298	24.05948055	30.08384883	-4.01625405	-31.84496896	38.68102821	91.17005247	-7.38168365	-39.28509064	26.22698303	-33.27855497
3.18	12.01236028	-0.52126391	7.91628329	11.09982849	-13.02979870	-10.61044206	90.52846272	37.92516600	-36.78061394	-21.77013951	29.24243394	-13.00346301
3.19	-1.40736594	-39.97731491	26.43608928	-26.51472870	-29.40494858	-11.07137500	33.38637427	118.73474743	31.23454638	-8.85426131	-28.66386620	-16.33176315
3.20	99.44249979	-37.48438547	-12.67909376	-27.99507525	-30.03475695	-29.42121024	74.96859356	103.51977809	15.50292434	10.09556147	-0.39371240	30.53206977
3.21	54.66192317	-8.67379431	-14.09371636	21.08848544	-36.08664635	-11.39752398	7.09658482	133.64073290	-19.48381001	-35.18486577	-34.96975082	25.72560171
3.22	42.67484135	-28.05758759	-30.56237447	25.98910892	-28.35787774	-3.98649502	80.72047508	114.95258649	-24.69513568	6.66823592	-7.10513505	14.24062006
3.23	104.82356479	-26.62134354	-27.43728424	-23.40729611	11.21708254	-33.13215522	54.64887448	7.76957204	10.72185967	15.53817352	18.47444971	8.68615671
3.24	-17.09813459	-13.70497449	-16.71077455	21.66384930	-1.37561925	15.27188164	89.63739908	35.27458442	-9.23578272	-27.20425097	-24.11378999	3.04947599
3.25	74.42316755	-6.75425533	-13.84236210	109.10300817	7.74135484	20.84701458	108.44717414	92.23083059	-19.30529936	-0.93353809	-2.57412172	-13.34253138
3.26	19.19734346	4.54540015	-6.86690099	46.69527544	3.99836284	0.64718444	12.17776607	41.60632575	0.37719877	25.63079874	28.54368042	-9.26213506
3.27	-3.68853750	-27.99663645	-2.98691869	21.05506995	18.59769399	20.70526538	18.20907866	65.71618655	-14.37468390	32.45247380	28.92336851	-3.37694672
3.28	71.21979750	12.05848697	35.43825575	84.65132280	-1.43519943	-7.30850203	105.45151571	5.02725546	26.34908555	17.81301034	-11.84682914	17.29247462
3.29	24.42329263	10.85664901	33.29287613	78.81085751	13.77315610	-15.58018524	92.92242890	30.30985097	16.58442361	-32.13663136	-29.25824859	2.86521097
3.30	19.48437487	-5.27150653	-32.61968045	83.96851599	-16.26148440	-23.24013735	135.80527974	98.55260488	-21.36395161	-9.21402710	-19.86523939	6.80220258
3.31	111.55166478	-32.14301849	-26.18156039	60.70401926	17.09997412	-16.37778580	84.32905281	55.94409513	-9.16954274	-17.11108446	-17.90814616	9.85166993
3.32	-0.10524890	-13.99211757	3.98421345	-25.50871178	8.14934403	-18.09428457	9.72183418	109.78996117	-20.86833196	25.43165898	23.86723739	28.83037237
3.33	46.82604868	-36.06732511	-17.61954705	-18.73434510	-11.08379705	31.67351359	106.65270334	75.60517258	-8.21026127	20.60518996	-0.23452067	18.51662548
3.34	-26.39801990	18.00572555	-13.19439193	98.44277540	-5.53162142	10.48268138	107.54783261	115.79365593	35.72832435	7.91046134	10.33296296	24.56956456
3.35	-5.49478633	-30.81066314	39.80831600	99.93524033	-17.41873511	31.70601041	122.34041958	8.38737246	-35.72610311	-2.27240873	8.60812281	-18.27323730
3.36	102.51281005	12.69842346	36.70461301	30.43143322	14.28958159	-35.90518349	119.26611242	134.28659647	-4.60447749	7.38907628	-1.59849797	-24.85080782
3.37	88.38713224	-8.48210024	-33.06690171	107.22032927	-34.71721182	24.67898413	13.43297137	12.51375690	-8.24988371	-38.25115821	29.64073977	12.57505814
3.38	53.52532351	-21.03016037	12.95144922	66.58497015	-23.33505558	-37.12098439	74.37959125	77.88080708	-21.94110323	-6.95416327	-6.91950924	17.68415858
3.39	3.36800940	-35.19050637	36.31449622	85.56411530	17.80749283	-18.18641370	80.07598854	7.62158347	-6.12257011	10.68165723	8.96374538	23.95805012
3.40	53.66213739	-6.10489841	-24.29974898	38.70107380	17.15204527	-3.06268691	137.47968933	128.64217098	39.42818977	13.60513308	12.50423082	26.50181933
3.41	-28.17802108	-16.39787111	6.24073979	27.63193734	-3.74646710	31.29569978	43.16618087	8.76934074	29.35385339	17.81197482	-25.41882018	-4.73360420
3.42	76.94904464	-32.88854467	-3.83880520	28.77850780	5.37297857	-32.15315114	77.12353291	17.41910681	-0.86932622	36.87839572	1.46817366	2.63579638
3.43	77.51260208	-35.13389363	-26.31616275	18.77600949	-25.06411870	14.85770312	1.33154873	83.96371644	-33.08575869	23.21277048	18.36837891	-12.11413246
3.44	66.90675353	-11.81259981	21.61700087	12.36747452	-8.39671277	4.53025648	103.83649276	111.38749111	20.33522699	-24.54945728	-22.74381056	27.31085549
3.45	61.70080264	-31.84335183	28.92982139	113.81318633	-15.34788723	-5.66251140	39.40458728	43.60538134	35.74152522	16.64564100	14.28345450	30.38819934
3.46	-18.94253511	-23.97247735	29.08829387	1.14150169	6.49738439	-21.13629155	114.25510456	9.61869596	5.36823907	5.48181137	-32.01945507	30.25951380
3.47	6.96089536	18.84293467	0.15102279	31.74674983	-26.33432660	-12.87173772	8.14168653	60.98286247	26.55961060	27.09193041	12.03794893	-3.23564712
3.48	56.15670721	2.41145935	-17.20003590	40.94297697	-5.98896220	-8.68549169	42.25677115	88.35407698	-29.85604435	5.32392309	22.27277334	-27.87913748
3.49	29.12801490	3.39892562	-9.60114809	38.78632696	-4.90612603	37.17269504	83.18073166	99.63092808	12.87915403	17.59856719	-27.63938010	-11.86519819
3.50	118.80348429	18.58681716	-5.59843071	-3.20003917	-2.16792220	-35.91042696	58.18204093	104.98498250	3.34920754	21.44249925	-3.03820975	24.76550778
3.51	108.56180361	-28.92092082	4.77010999	24.60417608	19.05501611	36.12157607	119.94810686	52.90196579	15.63142017	26.43561672	-17.29092899	-23.54891896
3.52	-7.19881462	13.93541271	14.24865835	38.05514975	9.64245841	-19.06330231	12.42446738	38.53791953	33.60477873	-26.37184364	10.42231851	3.04281978
3.53	58.49408890	-35.08049307	0.22484802	26.09031704	14.04958404	-37.11631469	74.88696431	125.02807546	21.20774583	-11.62285586	13.95359440	12.61268404
3.54	74.43226592	0.67307979	28.07423707	-15.70625272	-23.16502808	3.99355002	3.48072036	8.49268371	0.54746034	34.60413389	20.28739141	-21.17486666
3.55	-9.51848785	-23.42766947	6.52122526	-19.16602364	-29.95170488	17.76469363	19.05976213	71.17748071	-36.70162860	23.65531269	-11.70830910	25.93433818
3.56	16.88934707	10.45028741	33.52972684	98.72759194	1.01000989	13.15360479	6.26234654	131.13084593	-9.46509889	25.27310991	34.65326893	-33.65938853
3.57	77.38767704	14.27652724	29.24214124	-0.18144196	12.37637125	34.39139665	96.73767091	126.61252539	-22.59725650	34.43346549	22.76237133	-0.67008609
3.58	105.16621401	-8.48494407	-21.75504311	22.43260382	-36.82052222	7.82901217	109.99328727	48.50736937	28.94977801	-33.32629925	3.81630402	-10.66323267
3.59	21.26139753	-16.54420056	-20.88639257	115.49148902	9.64649939	20.65879614	69.34794024	20.46832130	-39.36446523	33.26263093	-1.28095352	-13.06424434
3.60	5.84155675	-18.58605934	6.13433545	30.93484847	-16.75636462	18.77744513	25.55037843	28.93194673	-18.14009873	-6.69255524	-23.89820180	-33.65582344
3.61	93.26880041	16.43443885	18.72295435	15.67431241	-38.31549744	26.26441393	133.43030006	92.78132029	-32.50616379	-29.24264967	9.07126605	7.62899217
3.62	57.74740203	11.54855417	-18.09838636	2.05286579	-32.34149003	4.39994369	113.54243355	50.36932118	11.01065415	32.02420037	25.77833676	22.05100378
3.63	41.48826326	12.36358166	33.91301555	44.13188242	-11.66011576	-39.58893873	11.16220791	134.10498898	33.94453039	29.09659018	31.04088623	-1.00488741
3.64	8.42250321	0.54020357	-7.68659568	65.83609325	-13.26579415	18.09525101	73.72068601	12.67893175	27.87275815	-17.61973318	28.05521486	-20.13956923
3.65	-19.10124770	-38.88062639	-10.84173761	56.26642727	-15.75551781	-10.80754462	88.84820782	108.36138506	-26.67973810	-13.13209341	-9.29132327	-27.02862361
3.66	-27.31628687	-13.92823602	25.27175237	38.68523517	-30.55194897	8.62970324	117.00560641	98.12533588	-8.66967370	-36.90974987	-12.40065705	-22.59870654
3.67	56.99552708	15.29400086	-30.04869969	-16.58630702	-34.19221780	34.77888339	117.65644077	24.37009152	-19.41005853	29.53878229	-27.31261364	-13.39561669
3.68	-1.33345898	-34.54357821	39.68897664	47.85457987	-3.86527140	-28.45656091	133.77663330	35.91307101	-23.22334362	-3.32880059	22.24351866	-34.10190231
3.69	116.32994676	-18.22350536	35.11213295	1.19604015	-10.47892306	36.54119449	14.89874977	25.62004426	-6.12275709	-7.01439959	4.70884280	-3.49723163
3.70	-13.87841574	14.46284156	30.59187439	79.76091820	-37.37714221	29.51895486	111.90405114	125.91969502	-29.56433419	31.06321407	-14.25814247	29.29898402
3.71	37.81331825	-23.12365512	-0.75728448	107.96305504	4.83532066	-36.91513267	50.93883869	46.29438720	-6.26279354	-15.96560887	13.97649116	12.10104836
3.72	29.19896956	6.78170008	30.75418684	100.97668573	-26.31402845	-17.28968696	137.62996477	122.67140985	-14.80152332	30.38875735	1.94394309	33.84313834
3.73	4.84672129	-22.54293444	-4.20524474	-17.95367063	-27.35013040	15.18959508	52.60401395	94.68399994	9.94980682	-13.08767434	-23.20065813	-15.74961072
3.74	82.31335875	-14.70480717	-28.56485396	23.65724848	0.01781497	-15.00780455	39.23014396	70.63654261	25.79758090	25.47390944	15.58223876	18.95706515
3.75	66.55571431	-29.23936611	29.17173713	7.92501967	-28.52733790	3.11041286	11.29614281	3.75882646	11.47138597	-22.85622426	15.27972296	1.33174471
3.76	78.86365276	12.88372249	6.52711445	-25.71787551	3.09553926	-6.24312128	17.96739328	102.12355834	3.31638839	36.93408645	-12.57828136	-11.59027574
3.77	-17.57871362	16.01492780	-24.33893265	119.81261060	5.47156770	34.72674163	93.72701021	49.42127338	-36.06920615	14.31666847	31.87426946	34.66126081
3.78	22.91151235	-1.49420391	-19.70629063	5.98070554	-20.04432800	0.57808084	100.60080544	23.87384690	10.27389049	10.36743125	-16.51910141	4.81281237
3.79	47.97496115	13.29649266	7.54808916	-10.39048921	-21.98344795	32.43179950	116.00672700	91.66787118	-14.55208107	-19.40691821	30.30499751	32.44508885
3.80	34.00817156	-17.82456421	-16.33459914	67.92042262	-24.93934446	17.33421689	104.04217567	27.89282619	34.50633970	-29.28420228	21.77433118	9.70074555
3.81	-23.90736572	19.81034936	-25.76813684	-3.17846359	7.75681427	14.30736488	50.60158541	122.02581898	-17.96885578	-9.02515458	-27.96518847	17.58734853
3.82	-0.89588176	10.13587995	-15.93381193	5.15690983	-29.48862880	3.45127603	102.72230584	22.70096151	-30.54343849	38.71841437	25.68586104	34.58460666
3.83	111.75369725	3.49524746	-32.86352678	-19.38503856	12.37009701	36.06609308	22.27682139	132.11703851	-9.50648538	33.97824680	-11.57611501	21.84894717
3.84	-5.61454129	-35.89629114	13.38395530	62.04230243	-17.96914276	20.25992159	98.74365523	77.79354104	-6.48478492	8.72468286	-5.53922297	-20.57535331
3.85	97.80784987	14.06474598	17.26551446	75.62512559	-35.93959073	-38.10010993	103.41073461	33.39947886	31.33792012	29.27360288	-10.57883100	18.34713680
3.86	93.32057386	10.01778195	-19.60106533	70.54247703	18.90551738	28.03735923	62.97669137	42.75036280	11.41712117	20.06568598	-33.09152720	-7.37395975
3.87	28.69406356	-19.40433838	24.90772996	13.03309384	-13.09864621	-32.46541466	71.14060744	70.10464066	-8.16175701	28.54359048	5.16575439	-9.50906596
3.88	40.01752798	-11.22744762	33.04607694	66.14623825	-31.91612198	10.20144239	109.29614157	87.53623390	-25.96960760	-10.18626598	-25.32706717	-29.10099347
3.89	93.60027115	-35.42230955	32.86175824	104.25154869	12.98620743	-1.05834306	105.72867194	81.10955149	-34.20887616	-32.25423138	-30.17084149	5.27955881
3.90	72.10294884	-22.05908991	13.15867962	7.38700591	6.81673056	-8.14274675	45.04033022	139.13249026	-8.28197762	7.48696406	31.26475112	-23.22517687
3.91	95.54156046	-16.24332405	-4.33094369	2.73869022	-8.04154951	-25.79800109	5.34386886	56.03090904	-6.75508301	-30.80765852	19.55798618	-29.65828821
3.92	83.63948787	-17.28590816	-35.47718352	92.69075194	3.01519419	27.02592218	48.46159994	76.73735684	25.18883620	-35.41347131	-2.75667439	-14.67308112
3.93	73.69072192	6.27408907	38.32937232	19.59400001	-31.77196918	7.93088954	59.19530882	74.61198748	18.14311155	19.76609172	4.92472064	-7.06033671
3.94	106.94611590	13.68024835	24.35719745	106.02571508	-5.71123603	15.33869816	63.01909821	7.98527131	33.80352921	-20.46456023	-0.20465452	-3.43542134
3.95	93.42106996	-14.75844666	-20.08375082	88.08984842	-34.66216157	-0.58473535	9.76174464	108.23022352	20.31322165	34.30332231	15.07567160	-7.99064565
3.96	-3.14059686	-30.20299424	23.99849881	-12.47903074	-20.37222471	-30.02000674	138.53188770	69.48300660	33.93940980	-28.18445419	7.19700549	-5.89882390
3.97	82.23364126	14.35535341	-35.38409434	-23.88039905	-18.35546613	-16.94903888	98.52492977	120.15731002	24.54996959	7.39289900	-0.16390277	23.11667521
3.98	-16.99780153	-31.38394651	38.86731504	89.15339749	-10.54366826	19.14084827	96.38838535	77.32615639	33.62806135	20.32673096	-3.42488665	24.16664349
3.99	33.87843604	-3.50461409	-30.16136090	37.46135693	-20.73194435	25.30368755	102.60550190	136.67528901	-19.07298585	21.24449809	20.84512966	-9.91160927
4.00	29.51278307	-8.93801312	-31.74089529	-18.26840804	-14.07088593	23.84799128	23.18491185	84.00093523	-25.33968662	32.16800621	-30.91628084	-13.60878529
4.01	0.32521410	-16.00555529	26.94805093	102.32564692	-18.77591082	-15.44045105	94.04604913	0.61806754	-36.68282264	39.53417842	16.37748663	-15.46193668
4.02	110.68576630	-31.28610140	-34.46063826	-26.98456086	-38.27184510	38.09191480	26.15867098	9.48202891	19.92421493	16.59565162	11.75712795	12.29230507
4.03	-15.78349825	-3.29952582	-14.35092631	76.96012390	12.46411893	20.44119717	44.84705678	132.18974291	13.37330650	-15.86733613	0.22015430	3.11733190
4.04	-29.26508775	15.48012743	-22.35796268	48.54469892	-16.16952840	18.80694566	85.09426272	60.77292442	2.54139315	-19.22170197	28.46954545	5.48817779
4.05	18.43812055	-25.50782360	-20.45792895	46.76554779	-37.23618909	27.16515713	95.08250636	133.97077792	7.02593615	31.31420866	18.50559898	-3.63397193
4.06	118.61170774	16.83043588	-10.33369138	95.39990065	19.87091150	8.14802177	48.85229563	50.68946161	-17.59882784	32.98895514	29.71044513	15.71044017
4.07	9.70426926	-8.60850198	7.90428916	68.88103421	-32.73152888	2.44103986	6.84014756	78.02504661	13.91728414	18.78278440	8.04865458	20.46223659
4.08	94.60413983	2.66328400	2.01618094	63.16000383	5.33188958	38.23867932	127.06986591	74.67326566	-24.19190400	-5.85081768	6.87560134	-22.85711795
4.09	-4.03295445	-8.97261967	38.67126258	100.13730259	12.88081802	-33.16428852	115.41841896	127.62514995	-3.82640531	3.23240818	-21.46815886	-24.50043299
4.10	57.95675322	-30.16452756	31.82100901	107.86180055	-18.25397327	-28.78383522	66.40018147	10.04697222	1.54737680	35.09066527	-1.26359657	-26.51408698
4.11	113.76140028	-35.09671402	-7.76657971	65.31020724	9.06300622	37.30638162	131.12712193	75.12552809	-29.22452187	15.22615902	14.84579523	19.80049889
4.12	77.47698518	-37.95089011	10.90290398	106.15221659	16.77050009	-3.97381019	117.98664337	134.97370361	39.22332083	39.85936345	-26.24034880	-8.19811725
4.13	117.07619628	-37.23119761	20.94276299	42.18884199	-30.58672314	-7.37435836	17.87895400	104.86692408	-10.91713181	32.80425661	24.93006050	12.01688641
4.14	56.18349736	-13.09735594	-31.43390573	-14.98895445	3.70508626	29.21903274	0.57303236	20.17316541	27.46624783	38.71422597	0.55492728	31.28363310
4.15	117.50020598	-19.11113011	9.59863163	-27.46696727	-6.91434274	27.87039890	69.91511429	7.53617224	-19.10525393	-10.26385617	-20.92597676	-29.60543808
4.16	95.55705476	2.97964125	18.19475347	-24.45313991	-0.11523925	10.48854386	24.06765451	3.23641496	-35.69640073	5.85654788	-22.83163772	16.12767684
4.17	86.73723392	-15.89305952	15.32863147	114.08105705	-9.63602012	-12.81780767	64.52924907	69.87739832	-8.01361846	-6.04098135	28.40135847	-3.49184438
4.18	103.27348304	-10.71416927	-37.48936316	-8.92291474	-26.90751463	29.59951284	54.04355511	66.87836463	-13.29933266	-25.07987662	-5.72632949	-24.93402567
4.19	64.72372759	-31.89268048	35.64880558	-22.06539547	-38.87960365	-31.76741436	68.55481113	98.60103837	21.59076760	30.57122268	-18.24947403	10.58282212
4.20	23.45468196	3.15035194	-39.92307595	115.68358787	4.70556740	12.29172279	96.42178317	138.12132444	1.73033551	-4.67745479	-7.96221035	30.14806423
4.21	49.24236601	-21.65783241	-32.34512829	30.72000195	9.17983272	20.80458929	83.84043047	13.07267249	16.55029321	21.73919246	2.51292928	-33.97529562
4.22	3.97505935	5.81601056	-22.52537382	113.37049793	9.24496786	3.75473852	88.54272325	57.49896084	32.48099873	34.11299667	10.22953326	-3.61999472
4.23	86.63161858	1.03384982	12.41174601	64.03434952	14.11095968	6.32006298	31.14778399	49.48769638	-21.37058878	11.12840825	-30.46065085	6.18083474
4.24	-4.48822476	-1.41046712	0.15540037	15.01463022	15.77567723	38.10803314	122.76332171	91.49020741	-3.15525328	4.87658525	16.58294883	-6.84734599
4.25	56.57969235	-39.16301040	-38.48003707	44.21944299	-18.82127235	7.63217647	14.63874387	127.60556941	-8.31797568	1.16602744	-28.16895981	26.17669080
4.26	50.38483944	8.98846457	-15.25274334	25.36599683	9.68778199	-4.29717566	9.49360961	58.93528583	1.26593765	-16.71034655	3.82742585	22.67056753
4.27	70.78542052	-2.87582652	-24.12104061	111.86110195	16.29565730	27.74943121	125.94659050	118.57528011	-16.19318106	36.36863379	16.32994253	20.05420829
4.28	84.07298980	-3.60619005	15.12439709	28.31958065	-31.08170049	-24.37503576	9.54161323	123.05520889	16.80304510	-21.56134406	-8.56676707	-20.59608935
4.29	-13.52581709	10.14453825	29.36860773	52.62863755	-11.63929511	-25.73872166	113.30028681	70.05195468	37.29443347	-13.56225996	4.10918146	7.00886125
4.30	63.74114425	-27.38665848	27.46215316	-21.89675336	-12.72249189	25.09994942	38.95225565	78.72582456	35.80698306	38.73376756	26.96425520	-19.35531912
4.31	32.09338237	-4.38677168	-28.39475564	-28.65034291	12.14871361	23.93120559	122.97469818	66.36428817	37.64697642	38.21455180	10.44207624	-29.72606132
4.32	62.13021535	18.43545643	-13.06955338	41.57889218	-18.54340065	-27.68766105	22.90331173	0.69062253	-26.25472090	27.21482455	7.08805885	-31.33905580
4.33	74.09768147	9.78711771	-29.63374822	9.73789542	-29.39792366	-10.04972164	94.96788476	70.19268656	-17.54959719	-24.11197664	-33.44055178	34.53633323
4.34	57.82193786	15.19310759	28.50490423	28.04012134	-30.66163865	0.66840619	132.79397786	115.09267478	-15.36612511	-23.61885536	28.05706006	-27.17721610
4.35	79.93291153	-8.58428563	31.03162211	26.35306306	16.10563269	5.81346460	87.13302157	128.32058508	36.48877477	-33.56058863	11.51981394	-34.23880994
4.36	48.00378858	-35.44069113	21.21611584	76.59119462	-5.14790709	-32.99147709	0.96522780	83.13328715	34.82764231	-23.20920119	25.96833459	8.20702082
4.37	39.43017137	-0.24575689	14.59147797	-6.49440188	-39.22596194	-24.59218711	60.60630568	134.22920928	3.55930035	-32.88015219	-1.41669980	-2.86033495
4.38	13.01532982	9.69021399	2.14117186	114.06950695	-8.33350777	12.49398366	52.62183973	32.46009682	20.89804579	-30.45226104	9.84735306	10.94731264
4.39	4.37275050	-22.81053358	32.68286474	-19.08784154	7.05420980	-30.33806609	115.54690717	116.54775222	4.05416294	-34.29730890	15.53805594	-31.29001223
4.40	74.29531591	-12.37221155	-32.74096004	4.80926806	0.32956754	-16.10552378	83.66844455	114.94245559	12.44255147	-1.66933446	-22.19478364	-2.63689169
4.41	74.35670292	-22.99267008	27.40282629	-8.83927486	-12.20464041	-23.73153884	73.42277777	123.89267926	-39.24754117	-21.80312662	-13.19589990	-27.37869578
4.42	-0.67762305	-29.19755356	-6.73818169	36.13842749	-2.43585369	-36.65575184	61.96845089	17.35378611	27.32933275	22.39243913	0.32454951	30.34380946
4.43	115.77561249	11.16547503	10.93631403	-15.29448673	-5.03025872	-0.00554241	32.73788399	44.88275667	28.94982609	-35.98814606	-3.66344207	-33.89766722
4.44	70.67261704	0.71164515	14.52677459	-10.20355607	-34.01687352	21.88757674	45.72487189	9.88152616	25.26354521	-7.79269747	-29.18521479	7.26405202
4.45	49.68241848	-7.76599663	-6.34580641	29.12236639	16.43204121	1.28633181	95.25037622	101.31957328	24.09551347	-3.30754001	30.38420017	-30.28644844
4.46	96.17630273	9.71257436	-28.09182753	-29.28812859	-32.19395972	-34.02741996	68.15980539	82.60640636	17.56164612	-1.32306279	-6.27628701	-22.19975498
4.47	42.97806500	-25.24195279	14.86648049	105.05333896	-22.99756644	32.45170473	69.48139341	62.58098289	9.93858378	3.15657337	-34.12636286	-22.32351718
4.48	41.39173052	0.44955934	0.52629472	-11.50242297	-31.84580203	28.78047276	119.29286340	124.75205144	21.79063900	-8.79363290	-29.26819194	22.31413611
4.49	8.74116001	16.98293186	-3.94124877	15.40041754	-8.84554315	-28.60387635	87.62852796	26.31354177	-27.24614187	19.25826418	-7.71997402	-3.69982525
4.50	-6.57967779	8.46409273	29.12690578	106.41189968	2.72871595	-22.06826761	112.83371706	49.89832988	35.62865928	4.76974696	-32.84018078	-21.01293093
4.51	76.74308683	2.08509036	31.96024935	29.55661563	-26.01051289	-3.65220276	117.81371296	111.10422523	19.74432332	-16.56978869	-16.69395343	16.06855105
4.52	96.61664524	11.46803431	-22.85015989	38.90015886	-34.65869417	4.76056471	93.33785425	46.85986731	-7.09744022	8.43927238	18.74768224	-31.58470317
4.53	71.66981671	-19.77417155	-2.57462803	86.79760916	0.03379246	-24.38352154	47.92691032	100.44887042	-28.72131291	32.49487943	-23.01608876	6.97242547
4.54	25.32322750	-18.43719841	-25.78225777	47.63850417	-22.23577942	-34.84316900	136.26257489	9.41828094	37.21749471	13.13198006	13.38677694	-28.93871309
4.55	56.35831368	-39.41975394	6.20633394	8.06583827	-28.00443630	26.93826761	128.46018892	48.24537266	2.37997200	33.97278974	8.44395206	15.50374151
4.56	54.51187105	1.64080612	-2.97771261	82.00555077	-24.38412381	17.60560987	94.07406443	25.58218606	24.72578339	-12.56546220	-3.46113661	16.13574372
4.57	110.48491252	11.73244831	15.95589053	-5.66513053	-8.73184722	28.07907532	135.84379713	7.72101284	-25.24784694	-3.93738767	16.35681581	-20.77779458
4.58	28.15113179	-14.79094013	32.88328688	99.87379600	-0.85569473	-17.43320456	135.38531578	135.64039934	-5.76621023	5.15422702	4.35696698	27.59253939
4.59	-5.28260219	13.05012843	-3.86090923	25.38007738	-26.04813484	-39.50104917	7.00230575	11.32342417	28.32141719	37.99616402	-7.79879471	14.90103159
4.60	101.53993400	9.48871328	36.88668641	37.61160469	-7.23149216	-0.47988807	126.08396087	35.54349559	2.58464941	-29.75930901	6.18956239	-9.34448181
4.61	104.20927453	6.03003910	-20.33464157	80.53823783	-15.45294893	-6.11781745	56.29701135	42.11983650	26.17789087	16.79315653	-32.93388051	-19.72825485
4.62	-22.76016075	-18.18880153	28.03768100	1.87359904	-39.89171783	-4.29994864	132.08153269	57.70898982	30.49901983	-36.00677617	5.08564185	-20.93098600
4.63	-0.26639537	7.27905813	9.26876665	86.96513724	12.03704842	23.60639092	25.35059219	53.25319780	33.78804209	-7.16714664	-28.84478292	12.63093506
4.64	65.44254804	-3.17236285	-11.71658503	-3.06641574	-10.81161234	16.50940640	26.05232128	130.29148237	-1.51128206	-3.69743614	25.38129013	-21.35167363
4.65	88.32677335	17.18466943	-32.37739458	19.84853598	-2.83037900	14.65976635	77.11489533	99.72491434	30.58034288	2.32325241	28.95665200	-26.38776576
4.66	61.00387601	-31.40097870	3.84163396	26.29580502	-9.30689919	-5.83723300	59.60755055	97.17639791	-33.21871508	-11.97395564	32.57901687	-31.10633651
4.67	-1.26162058	7.74190693	30.76020114	-21.96318492	4.46619260	-5.86587379	109.50046308	110.99202089	-18.35910089	37.30052865	1.46734249	-3.64741021
4.68	-12.35376371	-13.66200822	1.30529859	23.59677460	2.49927158	-11.89138843	3.78567102	19.04383532	-6.09240525	17.57086926	18.32641422	17.87830676
4.69	45.89589511	-24.78717981	-22.43976561	-13.65374719	-38.66969980	23.07555197	56.73269335	53.95394991	33.27932413	26.64205830	9.63068476	-9.91565437
4.70	92.32656100	-38.12175128	-7.39072593	-29.18663669	6.84558092	1.55774543	120.67271968	23.15452415	29.93160324	-4.58679323	-26.66389075	19.15144844
4.71	2.56007716	15.73491430	38.77024899	41.50270263	-31.32117988	34.61729861	6.56368295	64.55445468	27.49151719	16.49702890	-28.87455128	30.84813940
4.72	-18.73009577	-37.47743558	15.81791671	104.35784842	-9.32103217	-19.22602547	2.23112034	53.95054132	-35.15750560	-30.78518528	33.19296835	-32.08684935
4.73	52.65674937	11.77912172	31.58549662	45.02353920	6.35228048	-14.06912723	132.71253555	7.03796168	28.16839356	19.14877474	-11.06787171	1.98826939
4.74	-1.22742778	-17.10932996	-39.69954118	92.52124400	3.12443141	22.02598405	67.14675345	87.07246835	24.54509852	11.99937577	2.61767792	0.19294801
4.75	-19.88644193	13.71486108	-36.70478238	30.32823353	-30.92378993	-38.34974701	131.08387894	61.23535916	-24.72658643	-1.36169444	2.46167620	20.85534527
4.76	85.98968971	-21.17882635	5.77831157	51.17079197	-21.52210793	-11.83461002	70.55918089	131.79766670	21.16571635	-20.90785016	-27.73746792	-4.35316529
4.77	93.18399091	-0.11869743	-15.79038918	-13.59709001	-11.63077445	39.25833552	76.63457270	25.76334891	-29.27182289	-1.03657242	25.92679099	24.91291509
4.78	29.75033266	-18.09938431	25.24302625	59.53546594	3.76315935	-8.22884316	110.83110322	32.60889784	-37.94233871	24.37223166	2.19428671	34.64152202
4.79	14.11145403	-19.89556482	12.67002048	-22.82174386	-32.43285804	-36.13080507	53.86861993	50.48488072	11.07898033	-21.90746449	24.79763871	15.99985145
4.80	11.56813342	-1.19659237	-7.02168120	86.07136648	-15.48918240	-4.16918232	63.66105955	100.17873713	-39.94510071	-23.22824036	-20.42570663	-30.68180744
4.81	24.14571387	6.53206947	7.83986163	77.28076177	-12.37169646	-22.70134821	34.93131809	102.39584566	35.97323164	-16.72627811	18.69784009	11.48611337
4.82	56.53614647	-31.52398936	24.65341942	77.00190336	-30.46938537	-23.34223280	109.91007614	53.98210712	-12.20115672	20.60026810	-24.36179249	24.91677256
4.83	49.17301172	-34.93358310	4.58823839	-29.60461739	-0.80644870	20.98644320	93.58467430	79.73328413	-27.42888665	17.66945413	-29.19476543	-17.76309695
4.84	23.30237718	-25.74609129	-35.07995235	30.82920786	-21.56775898	-20.63751387	42.91380102	85.60358603	26.67109936	7.12103093	-14.65509710	5.58372956
4.85	65.61314689	-31.22550100	-10.80700741	14.55921855	13.55027231	-25.49974173	28.80194021	130.07932514	-9.20616279	-17.12627003	0.57842799	30.26332869
4.86	71.36511629	-25.41989149	-5.33633332	95.45072677	9.24571129	-4.13897465	120.19321263	64.25898373	26.66782166	-10.49418535	14.61884731	-18.12860732
4.87	53.74184220	15.40335478	-15.88688732	81.28396000	-20.52017538	29.54285948	78.99734907	64.06228293	-15.78571818	-22.73507453	-14.71928419	-3.88142837
4.88	28.09423726	14.38593238	4.99091106	7.27742206	-37.46266331	30.91920645	36.66140952	105.34183700	13.94303886	-2.71555425	-9.42452119	-4.54561580
4.89	63.58541729	-2.92474991	16.37653401	67.29501249	-33.88208214	25.03689616	47.70275005	16.21155759	25.33872126	10.61654918	-30.15182431	-17.95930753
4.90	58.78541748	14.38530510	11.16338811	-1.01913527	11.68362287	-26.30138726	12.24436502	103.61293956	11.50972649	-30.77422025	-2.50054699	-7.62419229
4.91	21.04857861	-22.44074407	-13.43035520	9.57028694	0.25312582	17.46821038	95.66465129	25.16081389	16.96315329	-10.23026198	21.22082160	-10.89044990
4.92	15.48015190	-34.34954725	24.56684501	-5.18091874	2.80900503	-1.65565163	92.09284969	49.08823239	17.81414504	-22.79551346	-26.68310663	-23.58538421
4.93	51.86233185	-18.05641176	5.87575639	-25.49688120	-31.51183202	28.07133772	57.02050704	14.14953101	-27.38946141	1.89539105	-27.03770560	32.05230427
4.94	61.85126085	12.77622402	-0.68309381	70.05214422	17.80228098	37.29953118	73.86202077	23.49617150	-11.21822929	-2.36537234	-31.94919042	0.22203934
4.95	61.61976584	-38.30680894	-25.07595570	65.92470776	-19.48030858	19.09478160	118.77090195	67.89620954	-26.83329877	-26.46848706	11.09573707	-32.27126232
4.96	27.42570133	12.49857461	36.06844526	52.66777661	-6.52194505	-21.01431602	39.08822687	126.86266854	28.64590138	-39.09630669	-9.46840948	5.38602412
4.97	54.86608608	-12.53757702	-28.74116757	71.80595772	2.27544136	-36.72844663	50.22618824	10.81800991	14.04564315	36.19684998	-19.76147052	33.01869681
4.98	117.86544528	4.66675288	-13.91662822	43.46904058	0.01382598	4.97946142	5.56206597	42.65291329	22.09252562	6.77992485	6.65655646	14.54693185
4.99	34.20367786	-8.37168117	11.65464438	93.88465074	-33.51891909	-2.73611369	101.29256280	45.47474093	22.45650048	35.95445459	-28.60569737	-17.92952433
5.00	96.45220719	-34.58373091	18.43465854	93.45644706	-15.37817725	37.12431679	61.48737004	128.88738573	39.40390384	23.55596838	-30.52660392	14.24287170
5.01	-17.80144630	4.02614472	-30.00507606	11.72940448	-6.29673560	14.87585793	98.06996440	92.14142896	20.21203035	-11.26956763	10.96209278	-26.23417357
5.02	101.28423806	-32.34428694	33.57433494	-17.43034620	-35.46297428	-18.41973714	36.20762666	32.22148272	20.29922541	-4.33137336	-2.67030604	23.91062442
5.03	111.25592333	16.70163143	37.48197924	57.66319553	-3.90562276	-35.36164022	121.02842634	64.78079410	32.84562806	17.38380849	10.55328017	19.40661441
5.04	9.27960238	-9.29937008	28.03919438	-24.68869752	-25.26185293	-37.21475592	56.07163638	57.66019950	-6.55839410	39.50243202	12.09443492	12.32220323
5.05	-28.18478765	-1.28035244	10.81610971	14.15492741	-12.52272923	39.07413590	126.75738064	134.37457076	-20.09399704	-12.55012631	-26.39208901	16.59832172
5.06	42.45126202	-39.12985343	3.56296612	92.61224331	-3.97033176	8.19112720	63.10981811	88.01314473	23.37252178	-5.00146143	33.89577458	15.21925864
5.07	-2.59316135	-31.76582007	36.54501872	-24.26885857	9.85761397	-25.40390542	49.14756941	41.11188735	18.75867325	10.48911524	-2.88293260	32.54774380
5.08	115.74468814	9.04436611	15.91311257	-5.88088822	-24.25456897	0.73005229	81.41541813	9.74388893	-15.99170949	-26.26823836	-10.17965523	-1.77289752
5.09	104.65476527	-36.51084526	31.00048838	45.75409706	-39.87392279	-27.17561485	87.37588678	134.71274234	15.28385582	17.24768850	18.10508399	26.27208635
5.10	114.09973289	-37.48129789	16.03000731	87.66615086	3.58723658	15.14059500	19.16892053	5.47523193	24.71548130	-12.97338969	25.85331526	-22.67350485
5.11	60.58044866	-34.80379712	-38.79407088	53.54701723	-21.65292793	-26.70131065	106.02189582	2.81560406	0.79794276	-15.46544397	-27.15587859	19.76448960
5.12	47.27405504	-29.53999472	-20.92317622	69.34932043	-7.06494462	5.74975370	26.06415338	139.17527747	33.29848604	3.46184164	-18.30866619	25.58771340
5.13	94.90767741	5.03658206	10.18964771	33.92834624	-7.61228170	9.53468172	118.29294039	128.31296278	-35.12777145	20.29146529	28.12139429	-17.61406127
5.14	67.85234485	-0.09101590	27.11060463	51.81768064	-3.01607446	35.91093083	10.60804409	3.85263496	7.79293985	32.80842011	19.69353771	5.80406551
5.15	7.28365146	7.44667937	17.68226425	32.71245957	-8.25656853	-4.88363658	12.30836456	110.61827742	-35.08049930	28.42657970	-31.30030204	11.59605604
5.16	110.14290574	5.70890936	6.24976917	100.41832925	19.66339729	35.17914090	23.38657336	124.10187830	13.61104119	-24.65805294	-31.15624126	-13.18549280
5.17	35.95491749	-36.11417949	-30.73713959	16.49207237	12.92700820	-39.92170902	114.79823359	59.64344982	23.70421643	37.07891012	-0.73144163	18.20898128
5.18	86.03343425	-25.16601034	4.71139942	-13.08769352	17.46089532	28.49123731	123.11138058	7.67802688	16.46343516	-36.25707097	-9.18577447	18.50236546
5.19	45.14069355	15.72240506	-12.46540564	67.73201593	-29.07476030	16.31149390	25.02118658	120.70492208	17.18357606	11.52467339	23.14483798	34.64694165
5.20	-2.49656353	-7.87317973	4.22006573	74.38079893	-18.38716761	-12.31965758	50.34692732	117.16516943	32.79252396	26.90067144	-32.63405864	-25.85772081
5.21	14.38902705	2.23924154	2.40206287	-19.60593675	12.33829925	22.15293080	95.05973898	108.21821481	-33.11178788	-26.30162487	-7.48083048	-1.35525691
5.22	56.16161532	18.62200758	22.86966825	79.45337063	9.26151345	38.57507315	62.94315855	67.11854960	12.39372138	15.16610596	-25.85678500	-3.68470410
5.23	-8.54968736	15.61424242	28.82170597	98.21353677	-37.76240697	-3.23665730	121.18978413	26.98840122	13.85914295	35.15885831	27.75137461	-28.87660534
5.24	-27.93932121	15.61030863	-39.88773476	-14.55688678	-5.07011590	-17.64137343	36.33829973	110.16498067	16.99969174	16.25552711	32.00850433	24.01151450
5.25	35.08368365	-15.37784093	-2.95236719	42.89563479	18.40321432	19.89932691	86.89820291	71.97536083	10.01068279	-22.42835968	3.05480435	8.70810150
5.26	84.32957578	-7.85685253	14.74128452	-10.24701880	-6.02133302	-37.17997923	105.23451449	112.73282014	37.38449143	-4.33985348	18.60331393	-19.27739501
5.27	62.12359106	-35.96884294	-11.61567615	12.92447149	-28.73787977	26.92842681	84.82856861	41.69956341	-30.20762211	12.96025714	11.97320585	-19.62124503
5.28	18.62195637	-37.13656749	23.26829109	32.55364271	4.95311220	15.07000448	128.25978449	103.44408614	13.78616426	-6.05928717	5.51822356	-26.86779112
5.29	77.58614089	-7.92963633	-39.42705800	119.92904923	-21.33503155	23.47456357	15.45122852	23.94449678	-18.12850528	9.26828166	30.86492343	19.40196214
5.30	42.67719497	-26.19762591	-26.81107979	43.95246098	-4.82394417	-4.49806347	105.44323746	131.68746850	-30.05766935	-18.50718423	9.56311184	-30.25869741
5.31	119.92520284	-18.85926159	3.49275627	-18.95277419	0.54491531	-11.98794694	101.91575283	81.07561096	27.09133692	27.77224667	3.94891906	2.39406614
5.32	86.40474787	-25.03620322	-35.11016017	80.17633097	2.81043559	-11.48850390	33.67210304	35.07638239	10.02903426	18.24069855	-10.62779891	26.62988029
5.33	94.59471619	-11.98854136	13.60004720	52.69027995	-33.84708619	21.15248069	118.19647233	30.06447760	5.65243339	-0.87161131	32.20510041	-0.88863153
5.34	8.93233592	15.63883261	33.79262051	-18.67264019	-16.59966369	36.92304476	120.10323167	15.98524867	22.34652798	-0.75101029	-33.07804390	17.96477976
5.35	-7.15575557	-26.18111161	26.74327631	90.20382737	-28.57569397	3.77211953	131.34385014	58.15753892	-23.40392790	13.14220682	19.40269277	11.16173152
5.36	-0.10441363	-35.10708288	16.00566025	42.94610206	-32.78483612	-25.72882609	136.48305572	66.62680138	35.66434427	23.01750945	8.39502653	12.72893722
5.37	34.83974465	17.19568491	33.09337031	25.62532073	-17.99679339	9.38840248	10.32142154	97.02933798	12.21483961	19.32077581	-26.25499682	-13.67750134
5.38	46.82236794	-1.77248360	17.82131559	50.79740257	9.39363000	-29.24199023	138.46639221	121.44387678	37.12474593	-6.48109895	10.03458910	-22.45137775
5.39	-0.80859784	-17.78177996	15.83777845	26.19195958	-33.04619310	7.98257317	32.87503301	69.13268661	0.50922126	26.39956138	21.86595130	27.22879883
5.40	86.99171565	-9.82545745	-39.72325378	92.72678955	-11.15982211	-34.67985402	90.87736919	45.37766911	26.25241802	-36.32019117	28.38473084	-4.15102289
5.41	100.26467316	-34.18649556	-24.77817077	50.71773931	-29.49961654	6.52756643	80.03117315	113.40741265	-20.16115172	23.23968355	-14.75426677	-30.29249541
5.42	17.40074786	-21.33456281	13.98340925	77.24309414	-22.08456049	26.25607080	1.51228099	99.48631749	24.65828769	10.44525343	-2.42077856	-33.58685677
5.43	46.20962951	-37.68220413	22.94105298	68.20375241	-18.44772687	-4.03365852	98.54960165	88.00592838	25.94773774	5.22531627	32.24328890	1.35036011
5.44	59.15619038	-30.99502912	37.36082274	117.90749460	-17.04734223	8.08687313	60.74758979	95.46184262	20.85290488	-25.03096457	17.52630320	-28.39062386
5.45	78.35672609	-11.53998802	22.39918869	-25.18437950	-22.21518707	0.25531284	18.94817057	70.45550184	9.79932629	2.41284308	-23.29316865	13.19081319
5.46	-7.87913183	-35.04983405	-18.59358269	-7.55917511	-33.58739640	4.32101863	2.35215741	58.72565326	-11.16691645	-9.00420562	21.38216065	-7.17796509
5.47	12.13065921	-20.59408357	-11.48864233	64.66553887	-14.52516237	24.51628866	117.25796443	26.22619604	-10.08659473	-34.71898490	-11.64814309	-13.89072253
5.48	79.60589938	-4.46922263	23.80749909	-15.60941764	-0.01623131	-7.94951855	53.75164967	139.43114995	20.07337195	-31.12672296	-14.94350611	-33.52317902
5.49	55.22884714	11.73028793	2.67668771	106.79325599	17.34818150	-19.03514735	13.34878647	3.38021176	-16.09569907	-12.14860747	6.86576341	-15.21928858
5.50	104.99186902	-26.28805426	-20.79633741	6.97782863	-13.38756954	-20.66735652	133.96593125	8.12400391	-7.76651583	36.86611696	13.04286819	-8.42612784
5.51	37.17875430	-18.22938763	-13.44025246	17.34963787	-34.18052965	10.66823152	125.47143189	108.67459527	-29.09495101	-34.12566524	19.14745316	22.44993638
5.52	30.99192676	-23.36400778	-12.43414801	110.27729504	4.33780545	26.00361251	81.20776310	49.96417813	-9.22723183	-39.27046781	-26.88147087	-2.73900215
5.53	15.97608263	-22.81976914	-2.25134712	74.41945552	-17.43958713	3.28283390	117.18639101	30.26105175	4.82487142	-39.30806313	-9.06906581	-20.42568129
5.54	4.70588590	17.60890975	38.84404423	-26.78302780	-29.87036706	13.43576040	15.25563620	99.64002774	-4.95114169	0.87261527	9.46341759	15.70262695
5.55	67.61495021	-14.01492231	-10.29127868	49.24272287	-10.76816105	-18.70528156	90.08118837	136.69010663	18.72038643	0.42337802	-34.99771972	-31.98904866
5.56	9.70290027	8.56551780	-18.41319487	20.16328554	-6.64231271	15.08723716	122.95822534	58.73223759	-29.96219704	-25.03133327	-30.03042226	-7.07237809
5.57	99.34132810	-31.01431512	-8.64864439	6.13395406	7.85705950	-25.86624066	124.72596306	138.22494047	29.57067954	1.02074553	18.16804894	-32.71128165
5.58	10.59725935	-12.31641241	24.84580483	-25.72590608	-9.56256452	-29.90757075	111.46799598	117.93455939	-35.14276860	25.28958896	-26.60078092	13.87422652
5.59	71.00394468	-11.94545793	-33.81997156	50.30820962	14.63209139	-39.54416421	23.92712373	136.10268871	-36.74229100	0.20943987	7.48369051	-8.60266739
5.60	55.22762129	-2.66025796	20.25137936	3.31877686	-16.78005458	-37.19640894	1.53638771	57.52637577	32.95755510	10.40552814	7.33370380	-32.78793743
5.61	64.26881968	0.36422491	31.68183243	90.72644137	-25.91909070	-3.74334269	28.36319572	42.59005125	7.18376496	36.05235198	5.08583174	-33.09485772
5.62	104.31251634	-16.45921326	-13.82305496	103.22800380	14.20545965	17.73705966	62.46194315	138.12933681	5.40537615	-3.96100752	10.07859735	6.04967333
5.63	-4.50173228	-28.10281658	36.02175409	57.77848441	7.30861284	-9.77710656	56.32238761	15.87113365	-7.56867905	-13.03773674	-13.18680485	25.59425322
5.64	-7.52766812	16.68436147	31.66328779	-3.63041237	-19.81396850	-2.84355936	1.21156472	67.82382353	17.49989069	-3.13116640	-13.34561511	-4.90401478
5.65	-11.71466680	-17.77418875	37.92493437	31.31645257	1.15131182	7.80022562	88.65230049	80.27601915	1.28858713	25.70382989	-24.30703240	28.28383929
5.66	-18.53414686	-32.50309127	36.90106008	4.34335709	-11.63210562	-38.30086936	113.16683877	125.77774877	-29.39398544	30.23699149	1.76686943	-28.70977394
5.67	50.13465354	-7.49718879	-14.64876415	56.27266878	9.30484994	-22.22215860	93.20036329	95.06642879	-14.39735712	-6.53348976	-24.07189957	5.85433614
5.68	-5.14032721	-27.58615844	35.05909190	24.23661620	-4.02997143	-38.95662903	68.63868004	67.92605760	-7.98418950	-27.25776821	30.08945317	-21.54517664
5.69	91.07518951	8.04525887	-23.08245895	12.40686338	-21.25230868	20.61424762	72.77130072	46.76442523	-4.24531799	-22.90797645	27.59518335	-24.10594243
5.70	-26.60842042	1.44299510	9.81234157	57.70994041	-16.62533583	-38.42497062	89.25155781	49.03221619	-25.46724459	20.94078399	-20.92606791	22.11048765
5.71	26.19104576	-4.00410490	7.87010254	4.00003227	-25.74380468	27.38276469	48.72908057	19.90651210	24.93573123	-18.47727576	-34.28566549	-0.10827635
5.72	40.98059571	-39.07226481	-17.66215584	19.16787977	11.94399630	11.90087680	69.47427930	96.96453790	-31.12441641	-4.18413898	16.72903909	32.52841987
5.73	2.47924510	-14.64682963	26.15533032	55.93245510	-3.79036754	12.70645475	34.16640908	76.75768563	21.19406979	-10.64537054	34.19478929	-30.46527195
5.74	23.38593293	-6.87025276	-34.05452570	20.28540987	-37.22253739	24.59490695	5.99725570	77.71869269	22.58726946	-6.70023920	8.38853400	-13.56421056
5.75	3.41871533	5.82954439	33.66434422	19.05497440	-25.03467996	2.19856509	108.30467828	89.59627121	1.34764210	18.12387443	-9.26742864	-30.21658541
5.76	12.27421595	-19.54532211	-32.19640697	-20.18074079	2.05624472	39.79774255	111.73487880	122.93454346	-19.10495948	-0.62769938	22.41300390	27.66980703
5.77	109.03065911	16.13777811	34.34844639	-20.85253712	2.99685446	29.45890902	112.62179576	80.71136006	37.21528261	-31.26190224	10.69967595	23.58445076
5.78	32.57630495	-13.21328920	-34.28064809	94.67114748	-36.24233130	-22.31343502	67.44097932	117.31351437	-5.06968870	16.71479789	-15.58708338	31.28002985
5.79	27.87974119	-34.82919493	18.63295271	-23.80191179	-6.91343398	-39.49915686	127.95673381	136.14944331	20.09695704	-10.40288352	4.25628543	-8.56663379
5.80	61.67616787	-13.84001746	-28.16867468	23.00167428	-27.99593498	3.24785077	7.17508093	69.49305807	-39.74231338	-33.54395992	-11.93354502	-3.38983754
5.81	69.62127851	10.46781905	-30.09376614	27.87410872	-34.52872761	35.81415870	99.84571023	37.92805428	-27.73509666	22.86862805	-26.52982634	-19.43630901
5.82	69.04148174	-28.71432744	-12.15279607	83.62383622	4.56831829	31.02986745	78.38673014	127.62264044	-4.95746031	32.50552615	15.63923424	-22.18128580
5.83	-17.28615492	-20.65058195	-30.99982644	29.91955001	12.13825122	-14.32102359	93.04433496	53.95003429	16.31891069	-2.63185004	-6.41748771	0.31555655
5.84	57.28538686	18.65217221	-37.46267486	33.44078494	6.81463621	-26.99929571	79.14643913	50.01870243	38.35474414	15.42461116	24.18898864	-26.38614766
5.85	80.38853998	-35.59396730	-31.75947025	36.57376392	-13.13132675	-24.28058410	83.86224770	138.64075195	13.22806765	21.86590929	1.28694803	-10.73708876
5.86	89.33525492	-19.66660695	-33.30295717	-28.99662236	16.52109235	-5.01444676	134.90199126	63.55063154	7.25708173	27.53321010	12.94854890	32.88954882
5.87	58.28013779	-13.63713538	34.38204964	72.03662191	-22.20452856	30.39795623	0.53839536	60.61761741	26.36921008	5.85290681	1.17349440	30.41833203
5.88	-10.41404126	-11.12143058	35.62793878	2.19506106	-32.51159042	-2.29435689	62.13962323	99.82299108	-15.41585268	21.57335424	-2.54703694	17.01536450
5.89	-17.43895142	-7.09429691	-21.52206210	115.90253237	-5.25881762	34.31006327	91.10055896	63.12496768	15.40139368	-20.66778865	28.87911143	-28.96634432
5.90	18.45805397	1.10273466	12.27489737	78.86321861	6.62215720	1.43510942	83.78553890	19.18573577	-3.35713621	-30.07512942	31.48279716	23.19891151
5.91	109.13382142	-16.54119219	-33.88965150	89.51150026	-27.07254084	-37.05992326	95.09636910	99.04732940	-15.78390250	33.13854093	-21.79764188	-7.73051184
5.92	40.89262933	-37.93086238	-3.74571821	11.11579399	-2.92983139	7.38792117	112.89357985	80.11808608	-13.25733345	-15.96842939	2.77503388	8.54610841
5.93	104.32108607	-19.67721985	8.91568171	36.94572594	-14.95218034	29.96320733	94.73122176	55.37515749	-38.59493927	-14.43627640	12.30846208	-15.99299699
5.94	38.95124299	-38.72482894	23.99109674	54.82031880	-33.04608262	25.08346363	122.47879910	139.65988255	-18.37979552	30.96815413	14.07017941	-3.63788628
5.95	83.26771598	-9.94630732	31.16094741	101.45739610	-20.70761970	31.04688969	42.01096381	15.44246236	11.52343658	-23.29534760	-30.95171795	-11.94408604
5.96	42.76907635	12.14806017	-33.23155690	4.40754731	10.99550078	31.23431003	36.95037282	25.16946220	37.73544319	-24.54362238	-24.60922468	-33.33659047
5.97	76.30533921	-34.94782441	2.85054065	-23.30675626	-29.67085070	-5.21540920	57.02220567	88.56546740	29.63695326	2.18761410	-15.29164575	-23.26335357
5.98	17.57689150	-15.59485292	24.71380680	42.50393869	2.83176390	-34.08421134	77.18917981	10.56476371	-1.79217662	-6.02155356	30.81554383	22.22860646
5.99	103.47978955	14.78386119	-19.38674203	30.62986774	-26.84571199	-21.37413151	94.68101082	68.48661292	-9.19185446	7.79685201	13.97111522	23.44047347
6.00	9.85621031	9.81822207	-22.42423990	38.80668188	-2.76422214	36.56168319	94.67233936	24.18310234	7.38427580	11.30073527	13.13382570	-31.12493140
6.01	-29.07347568	4.29850371	37.93398903	99.80010018	-1.98729245	-12.86395507	32.62079146	138.58465730	-1.55898967	6.20402824	19.46169856	9.43331035
6.02	78.17486792	2.63752161	15.75676778	-20.98402184	-26.60329315	20.12864343	72.88875663	23.76937696	-9.28558099	21.33919402	-22.14953780	21.73887622
6.03	71.49066949	-39.53698641	-27.09742541	69.79063724	-38.08148416	34.13337763	138.31222465	87.09589938	8.07847659	25.72283389	-20.69907887	-3.07465528
6.04	68.53521749	-13.85458726	-23.73790956	34.23925483	9.05604292	-27.16974914	129.64810734	58.04954587	1.66463142	-14.36225542	-9.12317097	24.40877117
6.05	73.11225035	13.36849014	7.71815684	59.31161128	10.75524016	-33.00766013	40.01691670	30.33356854	-26.57873327	13.85938578	-26.28453806	15.15817962
6.06	57.93963165	3.33280445	22.64096423	97.33771257	13.86042442	0.93187787	131.09558897	10.57825056	-0.84101837	-9.30147679	8.35207979	-5.54732677
6.07	-12.70815704	-18.88362633	36.25981979	14.83284155	-17.32472199	15.70153477	80.46985166	55.06712737	34.59933310	6.60891230	4.30588164	16.05837658
6.08	70.38055836	-6.36422979	4.63465819	-15.77148344	9.01278758	-33.43116262	35.99338051	85.36708330	2.48220866	7.18360575	-19.41369246	24.77511524
6.09	-29.01022143	-2.84928238	-20.34177133	29.41943781	-30.82721268	6.05737328	88.94790164	28.62091557	24.07243160	-8.48402597	-3.88817621	17.32479674
6.10	-2.57356816	11.81891124	-19.85502161	37.26086338	-37.27947989	27.33933470	113.81240842	94.79502841	34.33486133	-35.52772257	-17.17294188	2.72840446
6.11	33.13176078	-7.08109800	39.13864816	75.67901236	17.09160591	4.47983063	104.17947880	139.40359601	-38.95747548	-27.35219129	23.65876521	7.37275844
6.12	26.75540706	11.26156841	32.00231046	91.28460546	0.35004641	-2.25144864	107.29695278	115.20907558	24.40293111	-39.22739116	-23.28656281	30.84060071
6.13	-12.15522564	4.20943305	4.72996276	-10.93971659	3.71603584	-26.79324242	91.57178144	133.77649990	12.52855036	28.86573921	31.23823146	-7.08108285
6.14	34.04364061	19.80280126	-0.51539869	-17.45021396	-15.80943978	-32.57316909	114.54165753	33.80671842	-26.17696260	-4.72245847	-15.86129204	-4.31091106
6.15	63.54258654	-19.52765622	-24.55039032	114.79765281	-7.84775116	19.86377402	13.32709013	52.11868147	31.25748837	33.87497279	6.03622345	-22.68833859
6.16	26.61951473	-9.05879624	-3.54018586	119.60136927	-26.34818124	-14.89011497	92.22260397	51.29463719	27.52028558	9.61749239	-10.18717401	30.66715170
6.17	76.27492249	-2.13897529	17.39296247	9.01374953	15.07170381	12.34797136	11.69474117	49.68398079	-19.36294707	-1.78357006	-24.74099505	-11.49461773
6.18	4.63831431	-39.10717055	-22.25376996	-18.71521248	12.74434072	-13.22893048	47.87458283	84.24229498	-28.62742278	31.93282610	-19.81635411	-12.17792796
6.19	-8.42620916	-7.65031894	-12.11461965	65.91374075	-15.59706133	-1.21693560	131.95758497	50.81240717	-24.04763589	26.49299806	19.29176521	34.80687815
6.20	82.33497667	-11.79618535	-13.02247979	81.39566482	17.24219123	-27.15859186	38.91223196	39.43450189	39.04404344	5.92114469	-6.29583869	-22.34225089
6.21	70.30921946	-23.27724279	-35.37884037	37.76431575	12.17105517	-22.68166908	57.51028416	110.29231429	-2.58913747	-34.06714091	-3.03960976	1.47286892
6.22	34.40560399	-3.06303781	12.69974267	4.18134395	-38.45623766	-26.95243638	124.74642638	48.90578142	-36.17950194	-8.63686970	16.35254253	-16.04236991
6.23	-9.48490728	3.27730201	-22.36113775	-2.38237973	6.13647588	-6.12244137	132.90953697	117.22076442	9.70142015	-0.94403371	28.38421284	0.81154854
6.24	69.55256090	0.21334766	32.54197617	71.87134631	-15.14018859	-9.95311903	38.93838772	17.43482760	-38.91279268	22.47930700	-8.53288274	-34.11253472
6.25	82.49336249	14.38136594	39.03358430	21.80957027	-3.90394888	-34.57221534	96.82086080	121.92265339	3.44709451	15.81824774	2.65209517	-28.60352137
6.26	-5.40860202	-12.09825830	-36.25073377	-13.04247649	8.24094564	16.31387210	18.10449069	8.09909885	-6.74484874	13.39022478	-31.55533478	13.09759701
6.27	73.39526054	2.72448959	24.74166645	-2.98554633	-2.37485870	-35.75202770	106.64665766	63.73973799	-30.82237419	36.37122792	25.93190436	16.73166787
6.28	23.34556296	-29.23041899	-16.86577450	107.09243661	-38.14409770	-10.23916919	91.92502823	102.25478508	-29.46266450	-3.10706740	2.99387170	32.59149466
6.29	107.26779223	-0.82708924	1.05717694	39.32305965	-10.68264009	-22.47249326	101.73637648	131.82169507	-11.55385294	20.80369157	25.48949054	-21.58193958
6.30	82.73095314	-32.07992081	17.07042496	87.05651356	-36.00722801	24.94227913	51.79562121	79.00462963	16.11684795	-33.38080361	-2.47156230	8.55292447
6.31	11.05967554	7.75876604	15.50172056	96.85478970	9.96368495	-34.86982868	69.63424898	15.83280699	-32.30860610	11.81968736	9.97818089	34.82371014
6.32	110.70394795	8.71853804	12.26908265	17.93557969	-27.03978241	-10.20534763	17.12010689	59.46015115	-6.11181038	33.41850264	34.16673450	16.89314914
6.33	-26.21508658	-31.64370966	-20.59375184	83.79657123	-3.20210068	0.26841100	41.43401629	11.85863262	27.33952242	-34.04217923	30.23755213	25.23931857
6.34	-2.27639783	15.49669938	-37.13223946	88.48652776	17.30770259	3.60412577	29.06290724	87.45022306	-32.21631071	11.66683484	15.27146922	-6.54045306
6.35	6.28544567	-10.65176918	26.93861626	82.48328151	0.02402553	-16.46279517	117.11428687	56.81216691	-32.32263969	-19.24055389	-32.10423768	0.71377706
6.36	79.81201251	14.79391836	-9.26883236	29.89142179	7.83109524	-28.63488355	26.08661262	91.01751880	-24.24129390	33.39361173	22.62021255	-20.65955531
6.37	48.92520458	11.90296393	29.27568273	116.77430900	15.37598424	19.59308333	37.21616699	12.73269003	14.19574783	19.01029043	-17.54806983	24.49631876
6.38	39.65631118	-18.79578094	15.35298833	58.77273869	11.32260341	-4.32229162	127.03382051	116.09419189	-2.98324795	-22.22729707	33.48372538	-9.80036021
6.39	3.38000082	3.73904434	-12.92504202	96.89459937	1.91396549	22.03646049	120.68806470	42.72017497	-16.16657888	4.91245291	33.26100908	-13.95560131
6.40	83.47006655	12.89161877	-14.40911910	48.02009236	-27.66815711	-14.33071292	137.74164383	126.42401659	13.53640190	17.93746359	-10.04556631	-3.89483684
6.41	-12.43403879	19.93652856	-6.29033227	18.74211282	17.13656241	-1.23792943	64.32411149	126.28758135	-8.46326693	6.51803152	-17.34550799	-5.29635744
6.42	7.10118306	-24.79684862	9.36502056	27.52255615	-25.07315582	-25.11280698	107.30433599	79.02944437	12.61467437	-23.89908924	18.50209181	10.46374674
6.43	90.95404794	7.33908544	4.36202184	11.32459986	11.27947981	3.79050188	77.72031523	130.32544907	-39.16822065	28.30264766	18.06148901	-2.43552470
6.44	37.65711967	-16.77816840	21.62950671	85.74710987	16.54412773	-2.99352696	57.46171494	134.07030421	-14.57730446	-33.84710968	1.36793291	30.56901867
6.45	101.52266049	-35.91716714	23.47247390	115.75622518	-9.46144864	-14.58999425	41.17539315	3.35495657	28.11705055	36.39472203	-13.84242842	-26.15984061
6.46	60.24961563	-23.15226064	-14.37801326	-25.11624447	2.04739617	18.95096961	96.38402229	132.78656015	-6.46924143	27.85072493	6.29314782	-4.62491556
6.47	88.43169704	-30.44689787	-18.06604409	13.27151060	-15.13505404	27.72029703	83.15876038	90.98781886	-13.66591091	35.14042381	7.03672123	22.45790335
6.48	-1.88950906	3.32961862	1.06524647	14.00178877	-36.88511673	12.90389436	86.52809187	81.45838014	-27.62969543	6.73699857	-26.03644159	-16.14853786
6.49	17.43328015	-7.28190829	-23.19544499	-8.86930404	17.96661292	-8.47247377	93.01091693	105.75510290	16.51418714	-12.77438348	32.28706352	13.26994527
6.50	26.50590777	-30.88082891	-0.37266285	82.06331103	-21.31088581	3.94032571	27.46135461	117.99529992	-12.20510401	-34.44638926	15.40993614	-5.14052357
6.51	44.12988088	-3.71980177	3.91441330	-20.67497271	-34.48746793	34.99316804	27.63255724	45.29009688	-38.99951892	18.40205330	-11.02431586	-25.08650227
6.52	40.87005367	-30.35013959	-23.13409051	-8.34444158	6.61578928	-15.41240025	129.23546530	93.07251871	-20.49252315	7.32881259	-33.64645397	22.19030405
6.53	93.36992364	-5.67619981	7.09452177	53.52881976	11.88856120	-7.22552243	89.37005373	46.71867895	-1.52534308	-38.14179642	15.37408368	23.53128434
6.54	-4.02142021	-19.36536485	11.30825068	111.12874839	-21.48247422	12.56186801	28.97664435	75.04901789	13.61857700	23.32121357	-5.15992545	-2.67423399
6.55	97.72288719	5.51306163	-30.90309844	60.36680780	-4.08699751	6.33400217	81.17131429	17.97134536	-5.15730031	0.64480080	-2.76638844	-1.76627970
6.56	103.35694412	-10.38540043	26.01417516	97.78579242	-18.19796843	37.33591227	118.78312957	52.89165933	36.79395214	-33.41857620	-21.88558756	-4.61139088
6.57	-18.67214467	9.43390188	-2.44604016	73.23595863	9.88620915	-23.68252845	116.05585661	60.74798007	18.61347802	34.90499510	-8.13074230	-30.43236898
6.58	-28.59144456	-18.88943298	-11.06786020	105.30112674	-28.50474247	-29.62330010	21.51589772	69.26821388	36.58534547	28.44746511	-23.67192831	14.65318728
6.59	13.91294592	-15.70264267	4.65039742	91.63212287	-20.29455129	-22.77690864	40.59495604	12.39818441	-13.10871675	25.70894640	6.37408021	2.92414329
6.60	30.11171516	-23.61751244	-30.76894962	83.02487379	13.76405290	8.39354169	78.17203396	117.78667615	-0.42746057	8.53218366	-12.65672971	-2.36499682
6.61	115.56741101	1.62160002	-0.11232844	-5.39587936	8.52914689	-34.68007252	95.28462656	126.86771485	33.82311563	24.98702145	-20.10214912	-10.09770153
6.62	-19.28871044	15.66473174	-31.44220798	62.74154577	-34.60386405	10.85927662	3.30830932	51.77459450	-18.80446388	-2.07597047	13.49217202	-5.93774159
6.63	87.19578978	-35.76670450	-31.97932936	81.73813777	-5.56141331	-7.98287526	20.40057306	9.53012982	-22.44658054	12.29623365	-22.22356248	-9.74221433
6.64	41.31374304	-4.96500801	31.63104587	87.35180006	-1.73000049	-1.65561760	59.92679364	78.00863348	-7.82904708	-38.33360942	-8.62690358	-12.97109750
6.65	-10.51897128	-7.96055214	7.03352096	94.15999936	-38.10425731	6.90230769	112.91384618	78.51911990	31.39151063	-13.44922839	4.45570156	3.84723105
6.66	24.91204630	10.52866457	19.23517682	48.14452203	19.95386612	28.46779442	94.95875181	55.32433879	12.87152074	4.19896017	29.05876290	11.04133038
6.67	27.13521106	-11.39193740	-28.05166450	17.07734735	-3.27974954	-15.02982230	64.53140361	0.07700232	-26.21825992	17.33119882	1.69453286	15.93443135
6.68	6.53587505	-2.15163040	-35.39850718	21.83190430	5.12114933	13.24463719	110.11461978	75.78708199	0.51301510	24.91951476	11.01606158	30.43867469
6.69	14.15456363	-22.11682918	-3.08970633	65.54642757	-31.21874118	21.88289599	72.52536241	14.74391491	-31.90568248	-4.76794222	-1.92665608	-9.73659271
6.70	32.98782468	-2.99214518	-15.21071520	48.80092703	-27.26221190	-38.61501108	16.46886855	69.86279611	-15.39130759	14.87271721	-26.63897338	28.61851015
6.71	114.33920924	9.24025370	-33.27695917	67.17476224	14.29855469	-10.28463390	66.53914934	43.31607528	13.65354874	2.44374769	-10.98051540	28.59630224
6.72	38.82908535	-32.87717107	-26.07533543	109.45733403	-22.82990052	32.71908214	0.28845546	40.66334542	17.03999340	28.51351281	-29.29322143	-32.37538278
6.73	112.52025182	0.30063100	7.28783537	116.79095326	-34.31949468	-28.21706135	133.10872742	133.51571566	-0.17089232	13.50326028	20.90544857	-8.74522430
6.74	-25.42018926	-32.96302732	-33.79157657	94.08582597	10.39617768	-4.45326465	28.49375354	58.54872747	0.54692063	33.50751972	2.16956212	2.29804944
6.75	-20.08346121	6.84766897	35.39734693	76.83186429	-25.12025493	-7.47139018	49.23743063	19.11888658	10.76575124	-38.18583457	21.24875723	3.34385656
6.76	-25.82761407	-8.69059044	-39.13034019	34.57087113	-36.25292379	-10.13663407	72.34401552	121.79701146	35.35012767	-28.29449326	25.91875653	17.18926507
6.77	69.89169574	-3.52759810	-10.64908840	93.08192105	-18.69633734	-8.36973834	4.09789360	25.52720913	0.76824488	6.47022809	-29.73670888	22.65075975
6.78	3.03490367	-16.07403580	-7.33700972	23.52198196	-18.62148341	-3.60537849	109.14482650	108.91408383	33.41346714	-1.09254852	-7.58229917	29.53063310
6.79	56.46302719	-11.10884053	-24.40721732	67.26821759	-3.54880862	19.53784610	113.61607373	36.59370401	0.96102044	37.15613386	20.70392513	27.16155268
6.80	89.30492034	-29.35669035	16.75448496	106.08470228	4.66948832	-5.38169868	73.88499440	24.90849180	38.64688418	-22.16860703	-8.72612697	7.61795422
6.81	19.77208780	9.18424865	36.16468129	57.31724388	13.68813993	34.11913136	32.30402404	20.25499884	-2.77686548	5.00154624	22.65571604	6.05690733
6.82	6.85162391	-25.20499059	-13.72542223	26.75743499	15.40147448	22.37159866	0.40024041	102.15338855	-10.32355413	-6.09343970	-29.60749889	-32.01755383
6.83	78.81128807	-3.85583670	-33.61856632	-2.73110099	-30.75725141	25.77754452	107.46759327	124.18482872	-2.37604872	33.27016060	-4.26625341	-25.56636090
6.84	41.38466899	1.11560777	-16.19322196	73.79640536	-28.22776579	-20.73492038	108.56947807	68.63057387	-32.40156687	-15.97045428	19.21068665	-26.49656744
6.85	-7.61847809	-22.25274332	-29.59469558	36.54863065	19.57304209	-0.36571291	73.27582583	130.06036897	19.73370964	19.49066000	20.82554091	-22.26549271
6.86	-16.88323238	-32.76590996	27.85250785	-8.73005441	17.74601514	-10.65705746	3.33795012	29.04189113	-3.08542034	8.02903316	17.26265093	15.63061104
6.87	80.57512517	-30.46285600	-17.08523831	29.17087629	-27.82958150	-30.06243490	72.41714754	98.03635903	8.02291572	4.95031022	5.00505404	-22.09300600
6.88	99.06185023	-31.44778433	8.09404877	98.94421681	13.49908629	12.05514350	28.13089994	55.99147109	-35.59301016	-13.89317842	28.51396577	-0.10292779
6.89	103.55431174	-11.34835324	-19.53183719	108.23151268	5.89337617	25.90979707	18.69963802	117.69455515	-36.31552564	-4.82090262	-2.16825634	22.06808746
6.90	46.51335112	-19.38504025	-36.97195129	107.23950925	-21.66725791	8.83881367	62.14906550	107.46404484	-18.11686611	-15.59925103	-14.36778960	-23.58783724
6.91	-6.98181505	-31.13049032	1.72306411	-28.30194274	-2.59881976	37.96787151	28.25573330	83.80361713	-17.90700158	29.26980842	0.78268371	-12.50285392
6.92	3.84861184	13.57757893	20.70787894	22.15712132	-7.97118915	-23.26082412	56.16269208	67.80274603	8.19927753	17.97167849	4.72255139	17.10835319
6.93	38.02858335	-24.58861249	27.43613635	14.52780161	-26.96721243	9.71437188	55.15609614	118.17572412	-8.39675165	-31.65981753	33.28441434	28.58959124
6.94	97.77860604	-39.98023661	-15.99901952	76.88210416	-20.39112785	12.41648883	36.79125354	6.51279334	-3.72637033	-31.84306407	9.67314155	-3.20009064
6.95	67.52961283	-21.09803628	-34.14699944	-2.05351548	-12.88770150	33.81333105	139.02689521	1.95674962	11.22835805	-21.84345365	-24.54788120	-9.95162373
6.96	11.13104354	-24.53373855	-18.94701939	1.60528420	-14.11412913	-24.37176032	82.00277436	81.35135130	-16.92517475	16.64167883	22.51277787	32.61379759
6.97	83.39079623	-16.23818211	-1.41524316	101.16621885	-2.83295052	16.01990340	125.58945614	29.29285491	30.89796122	16.96868565	-21.90658871	-17.48842640
6.98	35.31602630	-25.80233136	31.72381389	42.60016415	-15.25472039	22.50227583	138.74734657	111.35162778	-37.04872459	0.81605431	0.26305903	15.90159786
6.99	117.41459178	-19.71582045	26.27571018	87.81806253	11.70756815	39.54496610	104.17491620	54.32063203	4.59358686	-2.67161509	-3.51196364	-12.64676805
7.00	34.30907062	-6.62104412	-25.33741206	70.78274280	-31.16506590	-38.12056185	18.05410565	35.18319979	5.78622379	-26.09474456	-25.65437356	-5.69145542
7.01	95.57945234	-35.95708016	3.81227894	26.60406266	-21.92307054	-18.49468149	33.16356438	35.83269861	25.33350230	-7.66284351	23.88732080	24.27169828
7.02	-27.81875530	-35.90388832	4.69368068	100.00258196	-13.56711156	33.95544583	106.46606597	7.82746944	-18.62981995	-19.84685966	-30.00336842	12.37841522
7.03	77.73318976	-24.70801660	-9.31897299	105.03556969	-25.37242367	-0.58606077	103.87608580	130.91112513	-26.62090527	7.36602883	2.91473672	21.12159330
7.04	29.77176642	-13.55569636	6.38098194	112.04389989	-18.42830260	8.80833591	12.97668553	69.32524958	35.99794481	21.37262336	23.66588300	22.66104518
7.05	44.85139620	-8.37867270	34.52247725	22.70839739	-39.03390559	30.86213030	3.41309434	44.83312545	-37.63891821	-14.77915259	27.53274382	-1.56840950
7.06	-0.17612995	-21.75267604	-31.44101405	114.89931347	16.72901025	-30.48358968	102.64876711	39.27287492	31.85760280	13.03813573	32.88754466	-3.53486900
7.07	109.42672706	-38.27058426	35.12579504	49.72701107	-23.14316416	38.49064696	42.88338915	11.62673583	-9.07901398	36.21591659	-33.25256334	16.55559622
7.08	-0.05324799	13.13155815	2.95832416	-22.32091439	-6.94111750	-0.27690214	29.03492512	108.74184743	11.86197586	-0.70080037	29.82100751	22.15370978
7.09	54.23800561	-22.89277187	17.90532713	30.70787009	6.42008675	-7.78898786	133.89248741	124.73648829	9.37384018	1.78193846	34.56471225	28.76547747
7.10	59.60184354	-9.96180933	-11.90855606	100.41626724	14.51760395	20.09727361	34.61254122	106.40526797	34.61637185	20.42497779	-22.56814869	23.32525373
7.11	98.76651409	-34.20317851	-36.10355906	46.60213741	2.65046498	3.73535656	41.19697613	85.66139026	1.97005835	-15.35267592	-32.74501113	24.31509393
7.12	39.99998095	-31.43067981	-23.76961834	-13.95208023	9.85679753	-4.35740242	82.98751092	11.33718265	-38.61692819	10.35970110	-0.67374006	-16.17335515
7.13	94.48369217	0.44866486	-25.20173701	54.49744423	-11.73708838	-37.35159750	27.85811841	71.94832117	8.34526903	0.32186800	33.96421428	6.77513401
7.14	48.58448463	-25.69782293	-1.15533118	27.42936416	-14.32331174	-1.31375457	37.24694191	16.16933494	10.89231239	4.46655049	23.85731284	-10.15677757
7.15	113.45019891	-3.30543767	-1.31448453	91.62796643	-7.33300127	14.56983665	134.32905438	34.02040978	27.45223872	-26.28282207	-9.08040137	30.42382021
7.16	77.49117506	-8.49175351	9.26649767	24.87390391	-13.53070391	-4.26480048	55.26901728	100.72110767	-32.50698489	22.24029116	-22.64975973	-2.50851528
7.17	106.81578915	-8.09820873	3.38337544	68.17166135	-15.58807060	-28.19769586	97.93217906	101.31052249	-23.24993658	19.43265551	-23.00978170	-11.38596419
7.18	111.35407985	13.99588943	31.83335146	7.32558854	9.00144581	0.51812369	50.81898478	70.61901435	-12.94696647	-33.90371794	-21.04754150	-31.44441096
7.19	90.33692345	-11.62319246	25.91373251	7.61292759	2.16448416	-30.71544212	36.97162163	132.44353237	1.15791436	30.48947098	7.60865054	-17.48464311
7.20	-11.64486801	14.82645528	26.75619798	-21.32600419	11.76039729	28.73533634	71.80939000	112.52579625	-0.93154853	19.25624694	-10.42334564	8.54647876
7.21	-11.33571026	-3.91977775	10.76219122	-17.40505051	0.00956119	-32.46581528	70.73688353	49.32358066	19.51800251	-26.39257483	0.38308789	23.93706269
7.22	62.43626254	4.53723089	37.47206773	-5.01404413	-11.70842893	-24.51357225	94.95883489	86.59838694	2.17643877	-23.40200177	26.49875293	-31.98033952
7.23	10.68100241	-11.74048079	39.38687763	-16.85387158	-21.15625544	-33.82895582	106.58364558	64.23666310	-3.77809125	2.30336674	27.48006657	29.01928591
7.24	27.77284863	-1.94099030	-39.84440631	21.90343534	7.21099046	19.95989474	118.69393661	47.97648298	11.98690348	14.64604004	-14.54155760	8.69280305
7.25	-3.92577351	13.94331032	0.05745978	83.85826504	-33.09709335	26.23172012	117.30070923	48.97147812	27.56472448	6.51451647	-18.35268732	7.19926107
7.26	84.32574946	-4.60192667	-25.76226127	1.18466531	-22.46614870	-13.41786727	66.11159394	131.19109273	-22.81632370	-32.05358669	1.94136684	24.32993281
7.27	98.17465555	1.86178078	33.87899948	93.94725668	-0.82474245	17.53333258	72.28051943	32.93108311	28.04802790	32.72031543	-24.46538239	-21.96780426
7.28	-10.07930594	-28.36267752	-19.80652740	-1.71096348	-19.84070210	38.57261544	71.56818904	138.33198323	-29.44175928	0.11327026	-22.99682553	-1.23160188
7.29	47.52524051	-35.28429585	26.56206081	47.78246137	-29.64181737	34.24562271	75.91431103	15.24687297	-36.38174080	-3.05592286	13.89435694	-16.47631251
7.30	29.25193950	17.17273816	-8.44332368	-4.10162681	-37.89084547	37.25846685	63.03405178	125.93903671	-29.06712097	20.56204730	-1.35215218	22.60679629
7.31	88.50229770	-29.01045971	-34.42502105	36.40704040	19.76354075	-21.87664024	60.78361595	110.67846286	39.37884647	23.00798312	18.32390906	14.09717022
7.32	39.74884503	-21.19615504	-4.78800636	-22.79788327	0.94023933	4.76888440	135.64187373	82.62881746	-24.72308743	20.48933066	5.40709525	10.21384927
7.33	79.62135737	-15.54492687	13.35307567	2.92949906	-38.12500757	9.17577543	55.87800775	107.16811290	-7.33632949	2.31374618	33.78555368	-3.12752186
7.34	54.91558149	9.02213723	10.00643483	119.21702467	-38.49563482	-19.90620448	93.32500528	116.69791130	29.32249935	26.28340986	27.93432503	7.58813625
7.35	116.73721710	-22.20067712	0.29286933	54.52485984	-37.22879808	-33.53380553	124.41347292	105.26034500	-13.72905804	-14.60763931	-10.13731793	-34.80525179
7.36	32.94496139	-30.56909449	-26.54945339	104.57272994	9.34183714	-4.99966013	119.69898671	56.47319500	29.62569994	1.99725552	25.99129554	-30.31096753
7.37	118.15063045	-14.35206527	39.19243060	26.24610013	-8.44949897	32.79899675	107.93377233	56.56092892	-24.87537487	-17.53277718	-29.23736978	34.78433654
7.38	32.31578749	9.51046841	14.03541067	23.26898309	19.64354381	-34.61490221	30.09833871	59.17655061	-1.67065905	-13.78673460	-18.06923627	21.28192075
7.39	-2.59970229	-37.35770714	14.22413058	14.18847501	-38.75587964	2.43605803	130.96763430	45.07602157	17.32552686	38.52218093	-18.26458841	7.76511664
7.40	87.31215907	-7.98353565	-27.11965001	-24.08249772	14.73346813	20.13865984	43.14620222	2.77546185	22.49330201	22.39392841	-25.23057117	-24.31680256
7.41	10.75785035	2.24242271	29.72611505	45.32065581	7.73140836	19.65883040	133.40092783	98.89263635	34.34139470	20.96429204	25.12826716	-10.85607836
7.42	54.86320963	-12.00929848	-21.84494329	76.43016117	-15.17204143	31.57948089	46.24843114	61.72875534	-21.00482206	17.99065208	24.74789972	-25.53032326
7.43	66.90226198	12.35203816	1.37340628	60.26720911	-7.22729575	-19.52125157	74.15702425	128.15215258	18.49972304	16.18132250	6.09772611	-31.80173617
7.44	-0.04841128	-17.12560208	-35.12855668	34.92153305	-5.86442154	-10.73095637	52.67815173	53.78550604	-35.34258463	0.77643646	-2.26784148	1.46948919
7.45	-24.83895965	2.41790136	10.29664528	-0.75671254	-34.27536161	-22.62370503	90.25088412	122.75765784	6.67734069	35.59020454	-7.12220961	20.90153306
7.46	118.05500153	-29.87380007	13.82173427	80.46921104	-4.04669174	33.50037418	131.06180217	87.47935774	-18.42691133	0.22042368	9.77254104	5.30920031
7.47	92.60852146	-31.82067279	31.13390356	74.98704998	-2.00848949	2.93617829	91.16303634	64.68565731	30.22238892	-2.23489140	-6.01471475	-22.38103075
7.48	-11.44421176	-1.95848031	16.30218096	31.50137563	-28.86794981	14.45123537	30.42009247	32.90519654	29.28278225	-37.09898977	-27.36328959	26.23332251
7.49	97.19541452	-14.19657616	26.79405346	-5.88484182	-35.33920147	-11.42131169	25.62524916	51.84603894	-17.00708728	36.87956726	-25.87473616	33.72310314
7.50	8.71953026	-7.60331398	-14.16411978	89.50368076	-38.18600229	37.13898041	130.31506195	125.69359795	-4.60541414	31.04327673	24.92218436	-10.08552975
7.51	7.09271106	-3.00334262	34.96611101	105.54989826	18.68242145	-34.79323846	40.49321294	91.39039987	-4.28581725	21.06258686	-20.16741842	-34.82526213
7.52	85.89245256	-23.12304946	-24.35864205	67.90807540	-7.22109370	-36.13280119	75.74000916	92.43688678	-12.23919309	-34.86830883	23.94790951	18.85680971
7.53	83.60430185	-10.67767252	-38.29311100	40.94518520	-11.22114838	2.25603475	53.14728752	112.27756147	-25.07774850	36.78402758	-5.19994152	-34.81785232
7.54	96.89360159	10.46127746	18.82292277	105.12971423	-29.40960612	18.45881789	51.46366819	87.41140506	-19.88436444	0.79960504	-24.15295331	-23.09697357
7.55	-9.50219882	-34.56821409	24.24778084	15.51653861	0.01286605	-15.72495836	118.11808961	73.47177717	-24.43337565	2.05949938	34.43540234	24.29802182
7.56	82.13792628	-5.72642078	27.96426472	43.27952506	-26.41309881	-6.49170192	104.37643565	43.23959616	36.34399429	5.87128196	-8.15441233	-27.57493219
7.57	40.47358114	9.69380898	-24.49350517	119.96380493	-11.48972889	29.76946447	94.98104192	76.54940621	-23.42202568	-21.77854267	-11.37696020	8.24690982
7.58	18.88251122	-38.75628403	32.26244825	-1.95265631	7.34690213	-5.50077742	6.32653067	102.01626136	-26.95197161	-31.91166977	25.88970026	-13.06574789
7.59	80.14543163	2.92763158	10.87095175	73.08822891	-0.70744532	-10.53858559	23.28163966	128.99074735	-20.81186184	39.03100693	-30.88151061	-29.25474965
7.60	96.77146214	-27.88969065	-34.44439667	39.57205328	-16.73047202	20.67405994	50.35780579	75.34445143	-21.49407325	-33.47983781	-17.61471091	-19.30403349
7.61	18.36911363	-20.06055870	35.54414101	86.20235625	-38.78986199	29.58414683	50.46875764	95.53505458	-25.90184756	-27.93216720	3.95736166	10.44272127
7.62	-6.77826650	-39.77427830	-12.11838917	119.30612727	-21.29926354	-12.46874976	54.29958461	49.83278913	7.92179406	-21.46154871	19.92007786	2.08932456
7.63	118.75270775	-19.53197868	-25.03563026	57.44911450	-36.40854519	25.41286746	87.37104686	25.07682442	-37.73870671	30.16402674	-4.91185315	-22.51573628
7.64	107.87849839	10.11436088	-8.74652155	80.50009193	6.11534592	0.74272187	131.27859402	99.04131212	18.16415501	4.22623781	5.01566392	-27.93704006
7.65	13.47617247	-35.18897629	18.93861961	27.11317920	5.57208258	15.62962234	112.80291735	0.82027781	33.81502673	9.62398969	-22.35366389	-28.54919265
7.66	92.16214620	15.01115787	5.80962081	8.37548504	-13.41992327	32.90665724	4.36306800	84.52811125	-1.51946524	7.04238572	24.71916229	-12.24180394
7.67	-16.54601667	-14.19557715	25.58653476	64.33020644	-38.23286563	-6.73926566	67.32672110	138.55127911	-29.09091511	18.51819204	-21.40365196	-5.69568293
7.68	106.88188612	-10.33220217	5.99893212	-0.60730539	-34.38349335	-35.02078699	43.71586588	39.92663697	-34.45337356	-2.39209186	25.75996104	-2.22068313
7.69	86.19783529	-22.89567671	30.18363190	74.65626485	-31.62287382	24.29675038	4.98704155	36.36935228	6.31927272	-30.13991756	-2.02787977	-6.40675734
7.70	-0.47053279	16.12208943	-21.16302362	38.35866798	-23.15213372	-34.07224663	91.28551806	29.73431517	-4.75212835	-21.72243150	-17.52457705	-16.53824515
7.71	14.35308705	-28.12271200	-4.97168361	-22.74394885	-37.24558161	-2.98973436	15.31105578	139.05052879	19.57528621	12.25228790	-1.44060057	-30.40284804
7.72	59.33322823	6.74528686	2.02831695	14.84988012	-25.43581379	31.68833122	103.39698399	119.12570187	31.41204247	-24.72381836	-33.14143086	-7.01533671
7.73	23.36364963	-8.41878129	-30.95549339	107.72395246	-24.26788874	-23.16148214	9.69097085	105.87011733	-0.46334745	-35.10669270	30.81803215	-26.28185051
7.74	80.43507239	-21.08582562	15.92849529	106.76435303	-15.89917434	-10.65457733	70.95727495	127.40297145	25.35970542	28.55033994	12.48123561	-12.31735820
7.75	58.85443040	0.70125197	13.49864782	58.87634785	-4.13822320	11.04472921	82.35817369	45.70213305	14.94327766	8.47715898	31.74215695	-4.24624609
7.76	1.05429789	7.57417591	-16.01333721	26.61408554	-0.87014890	10.22059413	84.10607119	102.20416133	10.50162921	-7.43471594	-2.59889236	16.80710162
7.77	61.51642648	12.71827439	-2.06266173	72.55042278	-5.76686747	38.55839348	104.85291078	7.58712235	14.87352956	-12.74526242	-3.42536589	15.70861247
7.78	-27.89113723	-36.27745319	37.25475019	-25.61844907	-13.21900706	-4.58286935	74.55697863	114.50521718	3.32111061	-1.81720360	25.45019996	-10.66204609
7.79	-13.23782770	-38.89220243	14.76041441	76.73585212	17.85427313	-27.11676611	103.63071234	88.45575250	-18.55002863	-10.34007619	19.08379437	-27.50854936
7.80	-5.81882743	-23.70908331	10.25610568	50.27119462	-13.78095827	11.94389272	106.88640809	9.35519031	18.37442124	-23.66439810	-16.38015863	-22.07186148
7.81	23.05165680	-20.25912369	-7.81613129	79.22407917	0.91797931	-11.90947288	135.74740986	8.08012324	6.11247850	-29.83106425	-14.20728722	16.15910383
7.82	-28.21353925	-23.90790774	0.48078647	118.19554478	18.89661654	25.46294259	46.32300465	57.04051885	30.73964776	0.21402728	3.72627194	-1.00891937
7.83	109.48612855	-28.66810118	33.95692327	72.88361117	-7.38314079	-31.23894221	72.25288791	92.21902556	-11.33801856	-22.63061152	32.22078309	30.97545846
7.84	5.92634332	-23.13551241	12.46962416	105.65011853	-39.64823088	39.12372465	11.84639255	137.84776381	-10.76093103	24.87347304	-8.43852521	-27.22593801
7.85	10.59578257	3.85983423	24.61996618	30.80581587	-21.94014530	-19.50314478	50.63467509	35.19514495	32.02789351	21.82009194	-9.17062788	-17.81403407
7.86	26.34634886	-18.45137604	12.94275630	111.97289849	-32.57532606	-35.03903700	49.41842312	6.97071042	-30.13859109	17.76223554	23.21254039	1.67466252
7.87	111.11080736	-4.78743199	-34.54370008	118.67158038	-23.87216000	26.78386197	8.19846083	92.71415746	20.75161198	-1.78665282	16.01120376	28.67927149
7.88	22.77289937	-6.92076084	-26.54565798	104.00554022	-12.78483553	19.91282164	50.69876431	133.36947138	-21.22279171	11.29454300	-15.52710206	-30.90925492
7.89	34.66992843	8.95894344	-35.55045868	-17.84026059	9.14869138	-24.24599223	15.35815334	138.48522159	-12.79851028	-18.61108530	-10.13217281	-25.34714001
7.90	14.77609088	-0.01380885	-22.61549919	-18.55366236	-25.91871703	-39.28568786	87.28961045	80.20262981	-28.83413847	3.95778532	-7.80913656	-3.68926482
7.91	116.43675526	9.30701533	-35.50043252	96.14107570	-18.39377217	39.94434947	45.01385220	32.71800692	38.30328556	9.67467826	29.90786170	16.09724293
7.92	24.72858373	-6.83197312	24.10405348	88.98069370	-38.57155084	-18.70625013	120.30938165	100.99319125	17.06138570	36.53931749	18.50729784	8.63022956
7.93	-17.46938685	-37.02424669	35.83119976	-21.45331637	-10.19401998	37.46169640	66.53172304	69.79923598	-9.75717019	-30.38348125	-19.00254972	16.33314463
7.94	68.69735914	-18.22890219	-21.65134422	-19.54296617	-9.37562646	-0.15478490	133.73508410	26.14816843	21.91943529	-11.69455136	-29.29228669	-2.24249256
7.95	77.49073811	-23.45697208	-30.65620411	91.07407406	-37.10247936	25.98833436	134.64443265	46.03418810	14.42328559	-35.11941610	0.19624104	-6.32430011
7.96	25.83615363	-27.51345141	-5.84304537	17.14942821	4.98960762	30.54709645	111.01341607	5.73412077	25.60026201	-12.48255148	-11.13634973	1.88837793
7.97	1.70777332	-1.00556337	-0.81153808	24.22979139	-2.75450656	-28.27613508	63.92845726	9.77261982	-31.32226584	-10.66648408	29.93442411	-2.78226454
7.98	31.38771768	9.70439186	22.78805008	28.62124738	-11.80849775	10.01177339	120.71990038	43.22781016	28.13349224	26.48168315	21.05531432	-0.70671752
7.99	35.86023158	6.46448908	-8.03580656	-26.99157984	4.49077270	0.07222683	68.54981000	21.91849306	20.23573013	25.58112876	-32.57107287	-30.86239611
8.00	119.29497051	-21.62904959	27.28930738	51.96220808	-30.75580036	-26.95993649	92.17175393	23.87883550	28.68003383	7.25606037	9.93660405	-26.30251146
8.01	98.76529883	-12.76352546	36.79347794	-12.55244593	-20.16820590	27.55666935	41.25907993	13.64537902	-20.11937980	-34.09732300	-17.97540159	-23.80564166
8.02	63.13633476	-22.33004409	-9.55663336	66.84254386	-30.42546646	13.59134022	114.66449803	104.49969225	15.33399033	-33.56395045	16.63465834	-10.27317127
8.03	-0.91230782	-17.99570480	35.91708691	-15.53534622	6.54540895	-2.09759276	59.46115293	67.69703367	12.75747121	17.02679532	21.28488494	-5.45658613
8.04	73.18717821	-13.03436875	-7.84016060	113.52803836	-36.05967750	-12.91447783	139.67070817	49.58081495	17.62044599	29.84557805	-13.51397793	24.69788461
8.05	83.84985034	19.35307935	20.73839873	96.70917959	-37.80419725	35.41107760	20.98940298	42.15357451	20.13512820	-4.59943304	6.58993361	30.54147573
8.06	-18.69168920	-35.15652425	16.29735359	80.38496546	15.23954677	8.82511642	28.31625906	104.52456496	31.81952815	17.24516547	5.05698815	-24.50481065
8.07	26.92297751	-15.47834746	-18.12600508	-25.66303051	-35.01165958	-18.94816759	50.85827689	97.51598647	-17.69444523	-14.56125420	-32.58131252	-26.25917348
8.08	19.02716963	14.95003402	-36.82694767	41.95870434	0.53916202	-13.78766600	77.34735846	113.46234493	-13.13722438	-2.41158123	22.63260551	-11.28050562
8.09	55.56469839	-5.29622508	-16.82493335	4.62569459	-5.44201141	2.77114894	35.41889203	58.49074612	-11.23681804	8.46282708	-32.90179410	25.62121296
8.10	67.95798276	-18.47003297	-31.05383556	27.08327078	-37.42621183	-27.29232663	39.31137139	30.85786111	-6.83958001	-23.53984005	5.75297308	-9.28788417
8.11	-2.79183174	5.41874865	6.97942852	53.56358115	5.34803836	-1.58687536	0.48735222	46.94550683	-33.32228585	37.94027496	22.09522392	3.04556493
8.12	40.44891542	18.86449388	-38.60543622	78.88966728	12.19748113	-34.22712033	1.38841759	44.81193862	-6.86529349	-10.31972189	-32.50091433	14.13773190
8.13	118.82518298	5.00505701	16.02371373	57.61741385	-30.16989800	-36.22196869	94.00048610	72.84838709	-8.83031288	-0.08475465	25.72541347	25.40833675
8.14	-27.62210412	14.67663810	4.97887783	-4.31687591	-14.06579014	-21.29637912	103.87555390	89.96711649	-8.27597871	28.54916516	11.84740391	9.62360390
8.15	25.64904177	-6.15302018	-2.87935350	-3.26595990	16.60262750	-9.66458605	33.12591149	69.98107486	31.93920063	-23.86695514	14.62560646	28.45421523
8.16	20.14686958	-21.94226926	37.78320789	55.31037899	-18.48417499	-33.40531847	106.74139876	34.41804543	14.74620709	30.21818641	-2.57387178	-9.59282662
8.17	30.83745300	-31.90054183	25.34569803	9.57464394	-12.68067532	-30.15936084	2.98630762	15.49006981	11.23992978	-35.73179417	-11.01956537	-15.19951756
8.18	100.37905733	16.55743226	-39.11457677	64.42288270	14.80960694	-32.30221405	25.67039997	30.89386167	-30.07848407	-26.71402071	26.05439862	-30.64150731
8.19	35.74575574	-28.33972330	-35.72252263	-3.66092688	-4.36552174	9.96241075	90.12748883	49.80050402	-5.05226275	-26.49343065	-14.99887230	-2.33697329
8.20	102.46170022	7.72756292	9.54583331	96.13948466	-30.02246758	19.96780943	116.82518601	31.28255691	34.88508970	23.34387934	16.25243772	-15.06223689
8.21	56.33097645	-4.36686354	18.61761108	44.31172541	-4.19902737	36.75735085	48.50517951	100.83874784	-20.21142799	-30.35490782	-30.38909595	11.38488316
8.22	33.69265424	-15.59215885	13.98242308	50.59189206	16.74255629	-17.88003106	88.07143714	76.90625498	9.18024459	18.65301358	-18.41581022	6.81265001
8.23	7.84546315	-21.57525239	-30.38939344	79.19518373	-32.56496786	39.36339149	28.38268088	78.47387842	23.55551411	-20.85382738	4.21438079	-4.89331515
8.24	93.54207830	-39.02441739	17.82116128	61.16105629	-37.55884227	-27.84081696	45.38251969	88.87862288	-27.76261471	7.25373347	28.37022455	14.78976470
8.25	66.63007770	14.34770618	26.62666467	95.15433861	-17.91467267	14.05240593	38.96968564	104.99754353	21.37595272	26.70397188	8.19474045	-3.97780564
8.26	1.83391048	-6.21911460	10.57158178	1.40909610	-0.67874282	-22.74566411	98.88050095	9.01632546	-1.47356422	38.24163887	34.68415423	-1.88629691
8.27	-10.48942598	6.10456551	21.36066625	90.41815315	-15.29528245	18.97614177	115.13188447	8.24624482	23.15601036	-5.56989843	-29.02486782	8.24767836
8.28	-11.18530070	-0.43717856	-7.36744957	87.92822988	8.74581137	-5.66733684	129.49431198	125.49213063	25.13917110	-14.99744319	-19.09194619	22.47807554
8.29	106.36079443	13.52327363	-25.54705840	1.24447959	-6.77643116	-10.66503311	107.71873745	68.32019750	27.80013307	-31.23924142	30.16879569	22.69072724
8.30	30.50873064	-33.79883254	22.05330956	-21.03175712	-8.75398022	34.92318202	18.32411293	48.34316735	5.80330007	-5.95309190	19.37649674	-33.76784797
8.31	93.04616915	1.53336035	-32.00423875	-10.95153330	8.08174937	-15.22590040	67.46982498	37.90170148	13.32899839	-14.40517675	19.44375972	16.22675957
8.32	104.30431391	2.20498204	-29.93030507	37.18709905	-6.20308794	25.53785615	56.97718252	46.57864596	37.74610914	21.57430369	24.03552774	21.79436716
8.33	3.94995717	-11.74778131	22.14010432	52.95838099	-4.50650574	39.69660382	102.95380184	6.62823534	38.84693815	21.86132049	0.82319595	23.92853243
8.34	-25.11414753	-28.42379270	-38.38143932	4.74712949	-21.33792780	-38.38676820	0.20212680	3.47967498	-39.79329826	1.77653806	-30.50668800	-26.57732014
8.35	-2.94958702	-13.59109015	-26.45744812	41.99917756	14.59625533	35.03966778	3.73465229	44.65233273	39.63606029	-18.42562398	18.32415987	-5.82969268
8.36	85.94680585	-38.84789145	11.66733814	33.65477380	-2.99852806	-30.67904354	5.52043315	108.84847369	20.32997081	31.03446628	-34.59871237	22.38119407
8.37	-27.68802358	3.14393490	1.55429493	67.55211777	-39.31053165	24.84342354	25.88882574	42.97051257	-7.97501483	-38.55663424	-30.20515055	-13.66359472
8.38	54.61980900	19.24161542	17.40670884	91.02836792	7.68913680	-29.10416967	127.20956098	88.08403700	2.46293881	-39.72364739	20.84818673	-33.54998287
8.39	-1.30998516	10.97455158	-15.20362264	-12.62489048	-36.94768382	-3.47713674	75.80116361	105.91412335	-22.50877815	1.38905466	-5.09288941	28.94018630
8.40	84.99910236	-10.29215667	24.98198597	119.32310168	-10.21082312	12.21565321	121.01925483	74.35012653	-14.42307521	31.61402237	-10.11053603	-0.19879410
8.41	41.90635446	2.84082770	16.82667449	16.36609289	16.56008780	33.85267980	31.65667492	59.92379640	-3.77931518	12.50918510	-6.63161141	-34.96866950
8.42	52.36199086	-20.74460992	3.25513574	-20.12067982	3.10109400	-0.54833575	64.31674019	44.33729107	10.46019351	-10.92674809	10.70484063	-12.60827891
8.43	14.01123854	-19.30061375	-25.48780831	52.52243965	-1.54702696	-14.37449243	134.46606979	79.55619633	22.52905562	7.30046216	-8.64954387	-23.70655694
8.44	38.48677555	-17.04513101	-11.90662947	-4.45346993	4.47557688	15.24562453	48.52836015	67.80989367	-26.64811631	-22.08332831	-7.15039079	-25.36098791
8.45	-23.14310956	6.74183724	-23.96580689	83.12535560	-0.03147993	2.23710505	118.48139020	65.90592754	17.49734901	-18.27702265	18.74321702	13.78835498
8.46	91.42794706	-18.75670592	9.14426636	-11.82672614	-0.13811231	-4.42948244	132.11690241	95.78949232	-20.97324030	29.88887023	29.14424781	-21.76587762
8.47	106.12483851	-3.85998767	25.72248888	5.35464758	3.97329494	30.98685173	46.60730318	106.06603223	30.03062598	-34.71122151	-24.73979656	-26.00352786
8.48	82.89712796	7.63728458	-19.90228818	83.95513636	16.42897648	-9.82097816	14.15795317	84.48405029	24.90574039	11.27105382	26.97266285	0.47591486
8.49	44.34334087	15.81023174	33.92796821	109.17966349	11.65248233	-34.54933485	30.75619527	53.22858689	-18.89169214	-16.72806678	-2.63389640	34.17577811
8.50	96.56765242	1.92878460	7.50399776	27.91283674	13.22593086	33.55481184	24.72663870	36.84996605	-9.80492790	-8.97114456	-13.36965235	10.66169176
8.51	-29.42686863	-7.71554627	25.14900956	87.85765406	-35.84430358	-0.23786277	119.02775121	137.54511302	-26.04406188	-34.48080319	-23.54909555	19.57032854
8.52	69.89361105	8.93830385	11.70494765	75.32723779	1.37881201	-32.49811428	43.52444651	137.93300574	6.87164283	33.55751856	-21.60571749	12.88403882
8.53	85.10788760	-16.60718418	-18.10098819	60.08804733	17.69566918	-35.24989281	46.75767331	122.32068778	25.74693448	14.10586890	25.16543142	-27.00269354
8.54	18.99843558	-11.99776788	34.30800497	49.20514436	6.81712370	-1.76172914	126.15505149	62.71912839	-13.03950962	-5.20450573	28.11302695	-13.88424879
8.55	98.48575364	11.30432628	33.46994034	-19.51241974	-7.63554282	-29.51671644	95.99903395	44.99360712	32.67771556	-5.31832739	33.90771583	-13.50626223
8.56	-29.97149976	-36.52305914	-6.84361185	74.75722116	18.65353448	-18.56864647	29.63007293	66.89521349	2.25663131	24.34668576	0.48825900	24.20081813
8.57	64.81803172	10.26062215	20.68484906	105.49406518	-13.70834592	14.05819196	62.83343241	96.65951476	25.22260159	32.07196804	33.46518733	3.92002285
8.58	15.15359715	6.87624048	23.92066088	-2.22686809	5.38088115	-15.35471083	62.30704717	117.03163925	-34.14889947	38.46631020	17.38223970	-22.44686835
8.59	64.29418856	18.26129943	6.53051458	26.81168228	-4.13655723	7.15520259	67.91826119	89.17876926	-11.44672503	-38.96352865	20.16979510	-2.70850715
8.60	7.70379893	-22.65091358	0.41000809	11.23449100	-17.75822003	15.79064142	3.43712269	131.40048242	-11.06594109	-27.81696419	-31.37050206	-22.32799624
8.61	1.46698051	-4.48624194	-7.74700839	13.79696902	16.99440713	-9.46299371	108.94660701	84.42179527	37.10434937	-7.03642585	10.98223009	30.50173212
8.62	63.92405802	13.60727109	4.15556255	65.34457174	-11.30062861	-8.00118861	73.11109215	68.72570469	31.84583670	23.83336939	18.07140180	15.73923524
8.63	44.54022309	-38.61474208	-15.43915833	3.55820806	-25.16779618	-35.53837791	65.10121049	39.41310079	29.85597051	-32.97427937	16.60407015	8.88790857
8.64	-1.90789675	9.39289530	-22.58345620	48.10789596	-26.25985286	-15.72909536	66.01737160	120.62938356	12.90338740	-19.78675226	29.42842912	25.18183900
8.65	102.92623949	8.94164340	7.12275983	112.48478010	-5.75510890	32.13869033	7.39857444	100.18052109	19.86053621	-10.37332635	-24.58187790	6.65144981
8.66	102.35799930	-0.96105043	-36.50445201	-8.52559439	-14.25923079	38.87061486	5.05493417	67.96429260	-27.36431253	26.28257091	-8.45714191	-29.06795959
8.67	52.43526075	-5.30615549	0.68087792	74.79380976	-21.64963883	11.86606334	63.06285882	23.46755215	5.38040613	18.63641068	-14.93997618	18.41799821
8.68	75.91440413	17.41616894	27.01326740	-1.44616904	-19.96978203	24.51727477	20.08559934	22.01670754	-15.89344362	-16.34657873	-0.94782273	8.69036026
8.69	37.70801026	-16.28104484	-37.65068493	5.04619426	7.51486913	-10.86968461	108.68309406	13.73215585	29.32430259	-16.88625713	17.29621921	9.78398224
8.70	90.21650466	-16.53615992	26.80645776	-22.48196227	-3.39273641	-26.97889416	82.42440471	62.32259817	-30.40572754	-32.11926227	-17.86534814	9.96651309
8.71	95.07843694	-18.18294952	36.87897927	88.34469055	0.45741530	-6.50852657	14.46250878	2.10583558	-34.24756568	-39.57378874	1.01449039	23.77586204
8.72	84.62395489	-9.77613179	-32.31491862	-23.06551675	-21.95511296	-36.23360876	84.26663265	139.59475859	9.53152646	-1.67454145	-21.89545490	-4.62515234
8.73	6.47232589	2.28554856	-34.19186532	36.50770468	15.89424399	-1.90975522	94.06813045	77.13589667	37.89191973	25.51311047	-17.14899184	9.90675082
8.74	-26.32673097	-13.63812625	-37.57585428	59.55430295	10.38421428	-2.54702794	42.92818035	88.33197920	8.90646665	-28.55976147	-30.80871824	-3.98738360
8.75	68.73796174	-14.01186632	6.54968903	81.94550463	-31.84967351	-31.52507760	70.86330340	107.49872065	-31.97691501	17.85260093	-16.97321234	-14.39733002
8.76	31.68865417	-28.70521358	-7.57316924	24.08812207	-30.21702614	-6.32848863	91.93906812	48.42615765	7.92416291	2.41954404	-6.99087543	9.57409174
8.77	104.13912677	-7.02806586	13.88319613	90.93637383	-16.19239640	-31.83598182	34.53794526	7.58288419	28.66601496	-37.17232234	-30.57013642	-16.23972480
8.78	98.97712913	-27.20377411	-25.34229137	-11.78347575	-39.68964737	13.16426424	92.41607941	74.00380829	1.52097047	-29.41810173	-9.11498535	6.16151708
8.79	50.06281410	-2.66803533	15.94846857	18.88757769	-4.77178902	-19.76212298	24.83499668	94.54200597	8.53183566	-34.30265718	18.21682903	-22.96554481
8.80	26.61662260	18.79058658	-6.06869403	-20.14762493	17.32581407	37.39296710	56.31628277	106.69674153	-16.95988060	-21.87634952	-21.72379018	-6.85335191
8.81	76.94843114	-13.27164576	35.94322431	-18.61970852	-37.70277723	-30.04113160	137.19273812	85.54361004	-39.09717904	12.90939950	-6.29217131	12.78533199
8.82	76.40545433	-30.86525048	15.17747465	52.51057506	6.91165185	7.27714975	116.10941205	65.71356788	-31.02868815	34.31783105	24.52805014	12.85966559
8.83	72.34243397	19.55303234	6.79152179	17.19006361	14.91289210	-31.32970892	34.13541799	102.97418346	-3.79395716	8.15828282	-16.85557256	20.47015127
8.84	96.36360815	-16.59349452	2.57464329	37.32719527	5.91676048	-8.68422629	60.22457334	21.17570328	-37.74928399	17.26673550	-10.30337702	25.50853214
8.85	56.59778779	-10.01112557	-6.84071161	55.88988884	4.79762474	15.26806150	49.98844620	51.84206485	-30.65245853	-10.89861503	-30.59182860	-29.60713964
8.86	47.40652198	12.41159751	-31.20969906	-21.92403813	5.67065742	2.60211131	106.79321358	123.45454891	25.75097422	-32.25876463	13.09183567	-19.97280808
8.87	47.53622004	2.50535556	24.24048723	6.91781976	15.17966336	-6.53383347	51.60066369	113.30559537	-8.72223600	26.29313642	31.96295047	-16.62744055
8.88	103.34709870	-12.07957568	11.82738280	110.41277878	19.60394804	30.53071363	28.09027975	43.71325237	-34.68215925	-15.87086638	-12.73689384	-6.95071476
8.89	25.01267001	11.77683773	-23.59806962	-10.20412651	-6.97670097	-9.93064826	83.75969045	45.45019351	-16.07120621	-12.24825008	-2.07577495	25.62035677
8.90	96.28737897	-25.09470755	-36.88916726	60.24876318	4.92051487	32.52769847	44.35785084	126.07417431	2.20309816	20.37683530	-30.51379710	-32.31867654
8.91	45.73343456	-29.09848053	-31.53180163	32.17702024	-23.95576879	1.86767412	130.38456255	12.24592906	-2.14475183	26.50610628	-4.69299887	-33.23033081
8.92	-17.19915738	-0.88461440	-38.82000808	10.71159449	-1.00754886	-22.84937404	59.48061146	68.89061595	-39.00826035	-7.75754175	-16.35053581	28.77701962
8.93	37.34729810	-17.07549441	37.22591733	26.64553430	18.75732348	-5.80324040	5.27474147	48.61957965	-23.08412788	7.45462750	-22.99382253	-0.72198160
8.94	13.67945965	-7.90916149	7.02033333	104.63745298	-21.63382858	-17.75076155	91.65031735	59.86473141	-3.44780050	36.13882211	10.65832328	14.74512207
8.95	49.18275670	5.07541972	-6.75155336	75.01860026	-36.54691893	1.34614951	136.83642681	88.30983795	-30.70741328	5.75454518	-6.61262785	7.04717259
8.96	97.99647830	-11.67527505	-10.20518950	93.35205430	9.09707234	-35.19094731	13.10874510	28.26846078	1.12429713	-12.09536477	32.75231484	-14.05013126
8.97	-3.08167092	16.38642286	25.63620239	30.18367407	3.02458960	-0.47967790	58.21693790	11.40353762	-12.03569672	39.74465224	-7.65592309	-9.80330213
8.98	41.28369364	-31.17615857	-2.79840711	-18.30944681	-14.65214950	0.79017937	137.69361912	84.37430089	8.24551283	-14.90074845	7.27774617	-31.10264926
8.99	57.37533776	10.34056809	34.45503366	18.02265155	-0.48158332	20.23237553	53.93415983	130.21586399	22.43996264	0.96472345	-28.55381347	9.01546616
9.00	85.47304673	7.33756025	12.21344000	83.75492324	-24.86537134	-33.72850266	129.68839681	64.52420628	-8.36726697	27.39764826	5.15675507	-30.94672190
9.01	111.14654438	-32.91769654	-22.88002315	50.79639381	-21.43334892	15.17774514	123.79730963	84.48456425	33.39910595	-24.25786853	-1.32514434	31.84867672
9.02	52.59118219	-6.92569541	30.69291101	87.06108183	-1.48319077	-23.72959586	38.76708354	1.64591011	-20.69144561	-21.82944186	-32.23881319	-25.31800347
9.03	108.24270283	7.03694884	19.14688871	-0.32293276	-23.90238229	-9.42453208	77.84758312	57.12437402	-4.64552689	22.44454171	2.07129411	32.96294384
9.04	20.48384435	-15.11199048	-23.39321661	85.43435109	-33.36235492	0.42428608	8.08450647	105.67311120	28.24620292	32.27792949	18.58122568	28.21283965
9.05	84.64796570	-10.88775224	8.99534001	0.65405875	-22.90427508	8.12326706	97.22527962	112.50146679	-22.12099382	-13.74769662	1.88997157	10.27061076
9.06	84.55881875	4.72959870	2.09698832	81.43822347	-26.62582415	4.89453463	52.42822092	102.01039218	-39.04059008	5.54626554	32.64634673	-24.64828080
9.07	52.69184712	11.69337463	-26.31867567	63.49738304	-24.36722715	39.14652058	36.90348424	116.39666648	-16.73241991	-39.14741761	1.99374950	5.65158567
9.08	-3.93169219	-16.38375930	0.78757311	-21.41558495	-34.68142789	-30.07378478	133.22225746	51.81429781	-5.42810141	-3.96457249	-26.86638036	-5.40147723
9.09	27.93064435	10.22699076	31.16472865	110.96424892	-17.25294602	-20.86115221	116.08549973	108.55041096	3.67429273	-16.82463398	-32.44602817	25.77558406
9.10	13.62751774	8.74003356	25.46511241	107.72246956	2.67457483	33.31120388	139.68215535	100.27086395	-12.63405146	30.45396295	33.45405269	-14.84416673
9.11	115.03179289	-32.88262637	30.52301161	34.05034729	-13.37057757	-0.73979262	50.45675356	65.70507452	-19.35085157	37.76567656	2.58702319	-1.13924128
9.12	66.69336915	0.13027264	38.17354476	-11.17624666	2.33398583	5.35676249	50.15739321	62.14156342	-2.16067172	-28.89221676	1.51322461	26.58295278
9.13	106.35567551	9.42650024	39.81174314	24.15899667	-24.64940434	-28.95530133	18.15817230	122.41091636	-17.33644993	-39.70022252	30.58659113	-26.67536207
9.14	14.42396545	10.22264732	20.67290782	30.91587599	10.90354678	38.65357584	4.27809117	63.42621677	19.16672728	-13.18598983	16.85229238	3.07625220
9.15	34.34100879	-14.91068637	38.55151135	6.29621981	6.27235844	14.90412880	51.42666632	69.98496845	31.60542221	37.91752359	34.57504540	-28.63664178
9.16	55.10584885	-27.06897442	-28.81703907	24.14654595	9.12748572	14.72562465	70.06764109	117.74629604	-15.16202722	14.35894513	8.67382938	26.57290328
9.17	23.20922751	-29.75249546	-4.01758352	91.60974233	12.95052302	14.47055986	21.68629051	44.37754655	-34.12866450	-18.21815890	0.11369916	-19.26139226
9.18	38.47494407	11.15493887	-29.80812884	59.47899094	-31.87682745	-30.09393474	24.58910766	111.42683372	-6.87268751	26.21753366	20.06547400	29.05208875
9.19	59.89605858	-19.98862469	-4.50964104	52.54730610	5.69272710	14.99730720	54.68742777	36.29673683	-22.69711261	-25.12225533	29.63282064	32.03027056
9.20	-25.75710385	8.34906699	-36.02254005	16.81882956	11.52446496	-25.88932618	20.04518543	31.05304910	9.69933406	-17.28015064	28.48848423	17.82028281
9.21	20.97167323	-3.50594395	-38.41388958	81.21211123	-13.80744617	8.71072716	121.32186046	107.41684707	-26.23984057	-4.60766883	31.67273928	32.37802982
9.22	-29.96674504	-26.96287915	0.27941672	-9.57032521	-11.90148505	-13.26540575	101.80353073	27.93006696	9.91551161	7.47995513	9.79707270	22.62247196
9.23	42.38064330	-14.81834071	-6.84810292	-1.49523769	8.28671785	-29.03354873	45.49698819	17.93807040	-15.67309238	16.26090281	30.31613360	1.37755127
9.24	61.20009976	8.40507188	22.37178489	49.09119242	-38.82118857	-36.14377806	94.68066875	75.20545699	-4.57520976	-20.05688962	-17.10098745	31.57436671
9.25	-16.05143099	12.20729618	-24.10441628	34.40492971	-15.87682549	23.14899081	120.38233521	115.83806237	27.63122474	-17.84548458	23.40156310	-13.85558150
9.26	6.31416032	-18.83405782	-29.50268097	83.73584871	7.30828704	-39.02412201	52.80132643	103.53078545	9.94856155	-18.64027224	15.62041330	-16.71958903
9.27	90.59877316	6.82836972	-29.84534212	102.98400983	-14.88611108	-16.14190417	119.37940293	22.32242039	-6.40840240	21.45298671	-6.53460172	-11.65789656
9.28	96.04223398	-36.56488168	12.64595647	38.06067013	-31.92469814	-19.18965778	134.67147716	60.91411845	-32.50476355	14.51813966	-11.64697164	5.96378591
9.29	28.15998814	-8.27404752	-25.71679347	-22.59831831	-13.50855011	-18.19307652	49.55066371	6.75287662	7.49525613	14.06942900	25.01821182	2.29177768
9.30	92.13355958	-31.69550882	-17.66603352	-24.61486453	-15.57140864	-22.96601542	47.63195606	58.41703832	12.34893772	28.83574657	23.56215068	11.70169569
9.31	11.57103795	17.74744042	14.68055860	104.26163158	11.89828698	6.26371598	88.52682165	38.57660324	-36.14883946	8.84857747	-2.52307717	9.18244373
9.32	75.91623335	1.90222142	-1.02311307	37.41940323	-23.52499988	-2.83857586	26.49798973	126.67332255	-4.96760054	-9.19727396	-15.74189457	-15.82369573
9.33	51.81849355	-18.73025161	-18.36180997	-1.91604574	-26.34518457	-35.55224986	11.98441200	81.65614244	-27.24268542	-21.59388942	-10.63328627	9.83041903
9.34	36.01486184	17.68327307	1.13829878	13.43964581	-18.70821268	5.75276360	108.89280668	107.74079681	12.53547651	19.78788719	33.10487718	-16.93010843
9.35	68.46634143	-33.98841656	-28.01674922	7.07564591	9.30583224	-17.43559589	91.15784309	82.25068973	-24.34062479	-12.73258481	34.14096152	26.71993379
9.36	-27.99139814	-13.04970635	-14.47209427	50.18795235	-3.49067095	-17.08164140	27.57386280	13.30782882	-30.09637996	-14.52956212	-28.35187601	-12.00946344
9.37	-5.63348359	-21.48600894	25.07942643	5.68180475	-5.04216399	-22.85973749	35.96768261	65.55204178	13.95412570	9.39666084	-25.96525886	9.83742299
9.38	14.07351966	19.54586303	30.67820410	82.38174557	1.80684828	11.51424440	8.92080833	136.49227785	-3.95059521	-25.73753043	13.60457111	-29.50738181
9.39	72.08439147	-34.69210142	35.93587821	115.64182202	-35.30127402	37.75007032	106.72379785	32.33932922	-4.95219405	-8.92749646	-19.43825535	-3.17767004
9.40	75.93529700	-8.34419607	-10.27577092	79.69188696	-6.93565598	-6.79825204	107.04098423	93.50659794	5.26942146	39.74382608	10.72857230	-25.51649622
9.41	72.11412363	-26.62992160	-18.60846340	101.69495924	-28.79640748	12.48063213	61.06522313	24.94246063	2.86911213	-3.85030195	-9.53954441	32.23704889
9.42	85.14256598	1.72826232	-37.11891137	75.88377537	-12.01765714	-22.71130253	22.02180758	5.87286485	9.61577630	-34.73975937	8.70291808	19.74400279
9.43	-18.06726585	-11.76141414	9.75207348	-11.72760874	-35.06205022	-24.86141143	14.34149470	111.19494948	-25.04632637	-32.85047396	16.87372993	-20.68737832
9.44	-14.11666374	11.17620865	-13.47553972	119.58295279	-4.16414307	23.90471226	137.98276751	119.52756359	-32.58756024	7.76141476	29.93916640	-18.36836324
9.45	98.30267404	2.96718548	-36.49389773	95.42007606	16.63616233	28.31460722	66.80150874	1.82656800	1.14450332	33.35936956	22.86980354	27.97611667
9.46	23.52566294	5.67707027	2.95099821	110.03915013	-23.25641407	10.76644637	96.35786555	58.50175356	27.21097394	-37.35625529	30.73931742	9.94136423
9.47	55.25569357	-21.11708279	-26.29974017	109.04825771	-30.90188754	-21.36978770	118.83441609	26.21004029	-26.63892363	-1.05081730	27.45664374	33.95456316
9.48	45.52542086	-30.62104660	-27.28449875	16.44066327	18.28673622	-27.56019855	26.91108698	88.45960510	-21.67533670	10.41257846	13.83937022	-9.20081033
9.49	63.99938570	-16.82101824	-36.09551103	75.98071470	0.68955436	2.39059265	67.43015086	22.81193229	-22.05076619	30.11110209	25.78988310	-17.31388825
9.50	-18.45799332	-37.75342401	32.76320126	89.68846803	14.05724183	13.47923832	59.90802386	124.47762232	0.53161484	4.49443309	-26.06153871	-24.62083792
9.51	85.46853395	-25.39126395	3.66999617	78.77730975	-17.82699765	-3.96197535	37.33797674	82.67040322	-26.99347674	-19.46832314	-1.81694885	-17.86689542
9.52	-11.48965078	-3.14267553	-29.87260701	118.62505608	6.46904148	-21.98757677	10.75676588	92.22516159	-33.03178625	-5.47675426	-10.17560949	5.59180572
9.53	72.20616928	-27.89106050	-28.22063157	-10.19419348	-7.21332075	33.46729501	93.35880725	136.60842128	-20.89891468	27.74052457	-33.16562659	21.24812672
9.54	30.32131487	-37.68023607	35.02837703	6.13374099	1.25001153	-10.28351831	0.94337131	39.17305626	-29.77875403	35.13200094	11.39338702	-32.09374107
9.55	43.83924541	-6.19753696	-33.95017462	-26.35984073	-36.22656074	18.11885189	53.40698725	27.50494427	23.46009208	15.57706542	-33.37242023	32.02665144
9.56	70.75406015	6.83049870	9.39992253	17.73139889	-23.53392058	-39.61510855	127.27946993	84.79600208	-32.17624298	10.43123729	-16.83212299	-15.39976567
9.57	25.65041260	-28.65120188	-37.60805989	62.39067660	-8.81622689	-8.92999777	61.73846943	55.70699976	18.11701625	-26.55032050	-31.57985502	5.12000305
9.58	-23.09437930	15.38815594	-9.46577597	22.10747693	0.74846454	26.79983248	139.06952894	80.47328827	14.10118397	-21.14932448	33.12190020	-15.11435924
9.59	114.63173276	-19.49619188	35.39078037	69.43416997	-32.17037762	23.85434917	138.07521971	13.95093784	-37.06709900	28.75394117	-31.32028314	-2.72610200
9.60	48.40153491	-8.17823020	-10.64834740	32.81610357	-35.23942055	14.76522970	90.93003352	3.47191118	-8.85157287	-21.81493900	27.24432106	22.51988120
9.61	81.32169616	-2.02104655	-4.43477247	-12.94833280	-24.08306499	34.99206785	49.06209129	125.41141190	7.23363995	38.57291462	17.46720642	24.46525348
9.62	49.69422506	-7.09523677	-34.32929598	76.53051291	5.11602086	37.28502614	7.72400619	41.91344557	8.25467986	10.73963972	21.20817433	-4.71401231
9.63	92.95303540	-5.04612619	-34.26309564	6.10492539	12.54723979	-33.80740164	126.32645418	72.47336870	-27.04115753	10.11339154	25.41213627	-33.92473696
9.64	54.69242686	-33.79246286	5.89946446	15.35690722	-36.01154443	5.09699287	18.57059881	23.65969167	32.02010722	20.95688126	-10.18240634	-15.24932984
9.65	-11.58646824	-9.98312291	36.31650615	42.38658074	6.98934957	21.56595484	105.91111011	113.20410226	33.97005204	18.63186619	14.49690388	19.89123673
9.66	66.28598470	4.99023103	29.37264396	74.64353098	-10.76064965	-38.24550176	129.69758377	46.59319054	22.75062388	24.27535787	7.11613778	-22.71490595
9.67	-4.08889958	-31.51177421	12.03667808	84.31151608	19.80526903	-17.83928607	130.80459277	26.77818153	2.71722447	8.38596350	27.82338324	-31.86726178
9.68	93.54812025	15.72362396	38.28512549	38.12502459	-13.42349569	-14.12038128	43.02328821	50.40576193	5.41967605	24.83122392	3.23144548	-29.41192328
9.69	72.15924007	-36.19331675	-5.46001905	1.68792138	-11.96532263	25.70653821	12.54538973	86.36490750	33.38261743	-23.27883322	5.25844859	-5.38020320
9.70	110.97129572	6.79951844	36.62184899	106.99558502	-25.26070342	-19.28885956	30.41205202	79.87493383	0.01088580	24.45835437	11.46799704	-28.70459743
9.71	64.36211843	-16.78264034	1.92955258	98.71605185	-21.98563475	-39.96951568	125.06574749	5.58492046	10.44125276	34.22653271	-20.02872097	-20.10642733
9.72	3.77446462	-22.38131617	-34.92376542	25.42693232	18.23873735	35.65493328	112.25300919	134.84163126	9.98224270	23.93054261	-18.35846756	-2.11811656
9.73	53.57063187	10.97226703	-2.83640546	-4.18550660	-35.19594229	-13.89823992	87.46211008	55.82657089	26.54702792	17.52894122	-15.73555473	-25.73568362
9.74	85.76584154	9.25402794	37.34505209	97.29831655	18.35630130	-32.42756125	101.47039348	21.30378539	-32.91597879	36.66724460	-33.27831316	18.20929907
9.75	76.78324463	-3.57852565	-6.66005031	79.13687829	2.00513869	22.50450433	11.37391297	59.70427055	11.03993875	-28.00693126	1.00617211	-5.10520794
9.76	21.34450590	-17.12671175	38.83442546	91.11767115	-15.34144854	4.42639493	85.94978733	100.42066664	-38.31359794	23.31179867	8.76325865	8.45973616
9.77	68.30267259	7.37625521	-8.88609975	44.03541270	4.70681952	38.41673800	100.58173410	69.81633546	-39.46210063	9.36501158	-6.14949110	-2.27088004
9.78	110.29035920	-30.95884809	-27.06859911	97.97138643	-9.09862345	-12.00843834	0.04008322	103.12671908	16.65091424	-26.79653854	22.48720542	-4.59482623
9.79	72.72150646	-16.00144332	-19.63750820	-19.11260046	-31.92161416	-7.08687479	32.19063691	59.45938170	20.72259049	-7.64456007	13.45438760	10.48688790
9.80	25.09521034	-14.72363030	-20.82423082	94.42444649	-23.51516811	-5.97614126	114.00536581	81.23496248	4.71901904	-18.67831380	4.84622993	33.36420520
9.81	106.61374956	-30.45882260	6.59705233	-4.97721229	-0.40581289	15.29309317	64.29776855	99.43084461	-1.48525058	-20.76021172	18.08475602	-28.99734151
9.82	94.14362891	-15.80536019	-27.24762714	115.57480094	-2.96526916	32.94716124	61.66667161	79.31494733	-38.03102609	30.11017908	-17.76340495	-31.05589072
9.83	98.27756404	-17.94161716	-11.32880249	17.46303249	-25.22454463	-16.62377586	82.44848461	9.73245256	8.52459803	-8.69961469	-17.06722642	-13.28803395
9.84	-13.97379350	-31.39673115	37.64012797	119.83213763	16.59714131	-35.47133049	61.47659203	113.98626434	-26.19159707	32.56485356	18.08843239	-19.78901400
9.85	13.62432505	-31.10332967	-30.75732112	-20.47044394	13.55595061	-2.89891738	134.05982556	99.51376462	-2.44000199	28.11958192	22.19925981	13.12807210
9.86	88.51917040	17.93110065	12.20099017	28.85602573	-9.52889444	36.71308808	21.58282024	134.41744710	-7.80222642	13.02815031	10.15349441	12.28726325
9.87	11.22112438	-35.87458975	-21.88255027	83.73276859	17.94793331	18.69597469	66.46134156	60.20717957	-23.15679560	18.87288925	0.22479171	8.46641096
9.88	-18.94410967	-32.56723462	-7.57756890	70.00245987	-37.11120829	-3.22209271	128.11611053	64.78287490	-28.41760807	-9.96761289	11.91652967	-11.80902387
9.89	72.48990187	18.00688792	-33.77342187	27.94617909	-33.53225463	-2.31744625	137.81623167	5.57657454	-5.41325809	21.01947523	15.25430791	-28.09662308
9.90	89.89049347	17.01960235	20.37748501	28.77037545	-24.81784517	-0.47633836	109.64198311	122.23760145	-37.77093852	19.23387687	-29.47259598	4.55693016
9.91	66.26517122	-19.87543174	27.95008802	68.59621736	-39.24310114	-11.23664110	28.86835161	97.09561856	28.70995301	-19.37929929	2.79599391	-25.31253524
9.92	21.72650046	-33.83263611	20.67606049	115.42391802	18.36069383	-33.31728534	33.20437393	18.32564038	28.37962069	6.71642639	34.99781602	-14.98756399
9.93	53.96599785	-3.48038443	-13.70874451	33.26783788	5.36430072	11.38372854	0.94278620	41.37660887	32.28647908	33.13239781	-3.82005291	-25.07258211
9.94	-26.77200728	-13.71416695	3.28745053	44.19142376	-0.85702254	-1.92073820	64.70458354	132.96508434	33.76427594	13.43933728	19.35743157	12.97482780
9.95	54.39924836	17.12342201	-14.90735574	80.66172709	-3.11355681	15.51283315	75.32459159	34.08164041	10.08207138	14.48612340	5.74712547	-15.63838532
9.96	98.52017621	-32.29987766	38.35116352	83.36899552	-22.50924499	-17.16048030	39.38229497	64.00378828	-22.99799071	24.37239686	26.37631647	-2.58392356
9.97	-18.29201475	6.69300852	-5.82796601	118.78510065	-4.81285998	24.65877454	95.34641382	39.73601571	-38.98088197	4.88865766	3.10955741	-0.70585377
9.98	27.49790948	-38.50993122	25.47038644	-20.19538988	-23.79478881	35.12847152	10.73477160	95.07536380	0.24498325	26.70748319	-22.16831826	-15.02038537
9.99	-5.27044237	-27.54082306	-32.81310268	-0.35309542	12.72742977	-9.73351170	37.74137504	38.31839285	-33.29621828	-28.58073539	-23.65399384	-22.77642215
10.00	27.00118449	-21.96828217	35.76474717	59.08561091	-34.78873098	-3.02674291	27.05871599	13.69377293	-11.11406605	9.50732049	-31.24063384	-0.86531932
10.01	-28.04884899	-30.13436238	30.81633776	8.32533157	-10.79397465	-38.24851495	76.87105710	27.20889625	-37.76771160	-22.36278965	32.25367691	10.16208549
10.02	94.16443797	7.69822332	15.25163612	115.38331234	-4.22795445	-4.26997267	16.23839716	35.10488210	-5.92193325	14.62020529	-14.90444262	16.67763921
10.03	44.43649655	-29.58470319	-1.43943597	102.80632341	17.05684191	-25.53398026	8.14629763	117.52415999	3.95171014	37.58452568	12.07797892	-33.81958856
10.04	35.38770983	-12.35522043	14.36065061	93.48131555	0.94333993	15.16162004	93.26192523	93.67951548	34.83532102	15.31230929	-29.91142043	9.23942657
10.05	60.26920735	-32.23947389	26.86070013	-0.90207580	-39.58512084	-29.51858274	35.64322395	24.14805622	32.83009346	30.55040046	16.13857178	-24.09864631
10.06	97.50423064	6.56093169	-29.34070984	-12.07327110	4.72142394	-37.22760356	0.50513597	99.82590342	2.91717239	-25.59418110	-21.17767180	31.22726900
10.07	13.68910872	0.27627546	13.98434978	63.49043193	-6.85738839	21.69900050	117.59387134	109.06164521	-14.92949052	23.09179553	-23.35011965	14.60274751
10.08	10.12754586	-37.05985715	4.23099790	1.06220416	-6.79697263	1.45501113	61.85119733	65.81339565	29.64361468	-33.88594669	-30.02788205	-2.11404990
10.09	-22.57586884	-29.22107334	10.69190792	63.84816106	-23.14397579	28.21202180	30.55710846	31.23777462	12.89321484	17.96282460	-0.78870670	-25.56655991
10.10	9.95986406	-2.51571698	-19.17185877	-10.70858208	-22.69400060	-21.95479304	94.52338286	52.92310258	26.40705082	-39.43823172	-15.46203137	30.69180045
10.11	-20.06822277	-14.64962447	33.18431558	106.35656701	-1.72813577	-32.94717358	31.73444146	131.76187628	31.97401221	-4.32522933	34.47753987	-3.12283731
10.12	-23.76622692	-21.87329926	0.74617467	68.25747695	6.11567931	23.61997619	10.51799034	34.07532190	3.92719320	-3.26459692	7.53352806	31.08819762
10.13	52.90958433	-2.22070503	5.91335914	98.57717735	-14.25086248	-10.81670784	22.23819526	109.64514995	-36.98163885	-22.63031214	-9.90113674	8.25549270
10.14	-2.42476689	13.05671916	7.93013817	7.76413049	-11.23429951	29.64008549	23.89092334	77.44204657	7.88181205	28.83037470	-21.24590065	12.27341662
10.15	-18.86134169	-11.82563716	-23.52041639	73.29131258	-0.42206257	-11.64538785	1.92149746	130.65098463	-28.40644828	-3.93048986	-34.12928466	-17.34255177
10.16	107.50721121	-26.60523910	-27.53035248	53.56982502	-17.83717165	10.94111471	11.04514935	132.07879730	3.68408810	25.03926191	21.60065597	24.90119777
10.17	-7.68991613	-7.96472342	10.28683733	17.82559660	-9.98258818	-39.52341882	101.91030524	138.35179107	-22.72985424	11.58904563	-12.40237104	1.84941284
10.18	-15.77538139	-4.22915602	-23.99695367	47.18564878	-22.46946187	-7.41390736	131.25942284	100.67636482	25.96082005	-20.90814271	11.12926965	0.61525432
10.19	115.60170875	-27.42544054	-28.13261522	22.16871382	-34.98327006	-12.22695043	94.01628818	64.70922012	34.32928853	-17.74589326	33.22538913	16.84376086
10.20	70.04504459	3.92881567	5.38234322	-17.25074706	-32.59938750	38.64782435	137.58039301	94.32094320	-21.01419998	22.95702237	6.18488765	-11.86943963
10.21	78.86310625	-7.46048902	37.28701995	96.27460314	15.45799527	12.50754251	69.35041258	34.68975156	-11.82596505	-1.78021695	12.81874330	-34.54270441
10.22	54.48059937	-0.59546578	30.20100018	73.54991510	7.41377296	-5.99098938	42.95778243	46.43457713	-37.87925252	-6.23081046	19.35920738	0.53894228
10.23	-19.44154288	-12.81587528	0.37458009	51.15690904	6.52203008	19.32184505	37.75043273	120.85941237	-32.67716576	25.47076185	-23.26455091	18.23815793
10.24	96.28158606	-13.67876514	17.08558124	86.43762575	16.11370648	14.67326112	59.91717504	24.38076525	38.21518918	5.09680425	-11.61714267	-16.26892948
10.25	32.70435063	-27.39186797	-22.03790055	12.57328106	2.10772116	26.13797562	131.62321177	119.37809314	6.03172743	-18.53281734	20.82799684	-4.89212510
10.26	28.87017366	13.49725016	-21.59256835	51.20042375	-36.36174612	-14.53123862	109.93155285	72.85719772	-7.57448096	8.86369574	-21.49914623	-25.96613762
10.27	-9.70361340	-28.15857355	5.53591072	-27.16574436	15.82067612	6.01557039	1.49111836	139.64141271	-3.27233259	30.89907990	20.04842711	24.39432537
10.28	-13.01701713	-25.03778613	29.72007083	-11.03588414	12.11299987	-13.22986741	80.81761845	68.00041958	-20.07536126	30.27052636	5.03134790	-32.69564665
10.29	48.33688994	-18.18728481	35.79253688	57.53949374	14.64315673	-8.08623228	46.69863691	14.19630025	-9.49996518	21.60108300	-28.20093107	17.88710025
10.30	55.31153844	18.38317695	29.70445494	103.91666650	12.68077631	3.68219939	139.59909802	62.54532198	-30.68467974	9.42825018	18.77025804	4.01668524
10.31	47.80283141	-6.88708041	-22.40711893	29.15531255	17.97814733	-16.55592876	45.26970462	49.81192342	-13.25908374	25.63071238	-17.27631658	2.45899734
10.32	61.96870169	-31.23001140	33.39668645	-14.47286163	-6.64387986	-38.68065891	95.15326663	94.42113889	15.81420358	18.44873232	13.13317983	-12.05144241
10.33	101.64651946	10.37191995	-23.33759740	-19.16534143	-26.90859389	35.89926932	126.85571976	48.88042406	31.93430869	29.73078973	10.88840556	-32.83996137
10.34	45.63072674	-22.57954618	9.31350354	15.61640461	13.30827348	-3.76556641	16.68336363	78.45413001	-12.32789742	34.95496893	-25.69973726	-21.68616220
10.35	26.87215180	-38.74309152	22.94465694	91.31534271	-20.43617371	-3.82456772	109.57398078	74.01088446	22.73741572	1.95210205	7.51382126	-20.22426462
10.36	8.48590539	3.93698784	-17.60025779	64.22838319	7.13147024	-36.38260580	118.73248806	85.70016906	-15.67209553	-27.86174715	-17.34308300	-31.60084547
10.37	16.02699637	17.69990310	16.77312232	86.56519264	-29.02724513	-19.20477137	70.99263704	119.38048381	-21.65312229	3.39682964	-5.50747658	-32.84393410
10.38	54.12105800	13.68909603	1.32835592	64.39946963	8.20909960	1.16350795	1.53457121	108.97172781	-24.08784439	-14.11414802	14.81935578	-18.00212525
10.39	89.30585117	-37.73757654	12.33603251	7.36838452	-13.02145701	-4.51342942	71.13979801	73.41699566	-25.02154840	-30.44431407	-25.78462469	27.47202685
10.40	36.16815449	-12.28651878	19.64132567	13.29696066	0.62362798	3.95480137	46.25661060	32.67151678	0.93085208	-17.61517673	24.91471068	31.29077713
10.41	-23.88565090	-28.54733887	-7.70891102	3.83139740	19.51321020	-19.70274684	77.57847920	86.28962993	-33.06211321	-30.24065049	34.74689576	26.78028858
10.42	-1.77682444	-21.80163267	9.93562321	-13.81603245	-16.29677893	5.29158211	139.55280965	108.88482883	-13.88018665	-36.09230138	-26.55864749	-31.17395472
10.43	-16.40216499	-28.76253112	10.45018708	-11.75547766	-4.70689531	-14.05937635	8.69797189	132.68332892	33.36233369	-15.14882351	-17.48079427	9.52972186
10.44	20.00151210	7.04252598	-26.59322190	18.21619742	16.85351614	5.30757776	131.31473062	67.12708956	31.89329799	15.56591184	1.80707296	-32.28072745
10.45	72.65649871	-23.18583027	-12.30614193	85.60054858	-9.32998275	-36.05522606	4.55531806	86.61666255	22.73872393	0.25178516	-25.68196864	-31.60354370
10.46	58.60720979	17.95181695	-33.37057504	9.15701848	0.74951976	-23.43989254	85.55692641	89.97698229	-6.40243194	20.58327653	-1.05544385	-25.31896439
10.47	69.31913849	-8.50466368	20.55671836	47.36822698	-5.86877122	-6.05873103	15.18328809	33.98726604	15.02244593	6.38986823	-33.18782036	-18.81143818
10.48	38.18926964	-5.67574918	5.86701985	-1.69706028	-19.41055048	12.44531822	135.36609097	126.95807686	16.23827261	-18.27001822	-30.91833548	3.61917506
10.49	-13.53291946	7.27037144	-9.56982697	51.46399249	1.91321975	-13.05210552	37.53879346	76.40813241	-30.35483608	-6.07121117	-7.08571154	13.89277185
10.50	14.43839326	0.83995058	-37.53250862	113.06467271	7.85687407	13.22444749	83.42723717	9.95230783	0.47674240	35.32256725	-25.02288299	3.86936680
10.51	46.64407184	11.73666229	4.31130154	14.71365927	13.29882426	-12.18815438	79.01930732	49.64795805	0.59816842	23.21768446	22.88912322	15.08016478
10.52	44.57474476	-32.35982667	3.35227077	-1.43777243	11.38090947	31.83762447	11.96253586	95.04270019	7.97553321	25.99789261	-7.25138080	-21.27132659
10.53	6.54920818	-10.26639121	-3.30583892	88.79279799	-9.29481224	34.06402316	82.33890517	14.81666563	18.65321645	1.68049911	34.88929910	-1.89833117
10.54	93.79523373	-7.15136922	26.22746918	28.51266255	-18.04312150	-25.37169689	77.27536322	133.46410828	20.97496159	8.60575224	-33.81245509	-19.79213216
10.55	34.99700040	-33.45147234	-38.91654854	100.60583240	-6.98474654	39.59998256	101.66517650	131.23536430	-29.51466163	3.88553632	23.99414647	-30.56885279
10.56	96.81841877	3.95720618	33.79324642	84.24046791	-21.12484377	16.49251631	93.67246235	132.87804039	33.08818821	-3.74973438	-18.55189638	6.05581255
10.57	9.82389455	-12.76047500	37.89709525	35.81071659	-9.71607795	13.37511559	76.19350847	102.14415168	21.64349241	-35.89533072	-26.01376959	-29.64387410
10.58	111.29093788	-2.79081408	-28.04549192	19.84716851	1.50824844	-11.39291928	24.50763616	112.08444199	-8.63634605	11.18183256	-17.52383190	-16.11815513
10.59	-13.22139804	11.80217313	29.65242863	86.29559174	6.06477569	-7.92133669	77.93328774	25.86572840	-33.68552860	28.08716849	14.44234890	-24.48875590
10.60	85.37737358	2.50608357	9.17944461	80.96183691	3.87563815	12.22049927	130.79158401	31.54849228	-35.06019586	-4.04193269	-2.80366031	8.53240062
10.61	-26.97203205	6.26803227	32.83034613	96.10580635	16.53014080	-36.36301713	119.44764306	79.36624886	12.44893991	-31.65915268	21.33130131	30.03096840
10.62	5.44809953	-22.43104738	19.76830546	23.09655302	-24.35693661	17.06520409	36.42922734	44.82936132	10.62775249	21.44405804	11.89174470	8.07443341
10.63	100.58299565	-13.16411602	13.16532073	31.77506010	6.21075301	-39.21992682	6.67568211	9.04012840	-31.43718603	36.34948310	21.66486922	-15.98548342
10.64	22.51574997	15.39215570	22.56862484	100.94367499	11.78157081	5.37126108	84.56367321	115.28359013	-19.75204396	27.50543715	23.60308957	2.19956608
10.65	109.87192396	-16.65879889	-17.47571641	56.80275303	-28.42675808	36.29760508	89.62777401	137.08973439	-8.16949851	-34.13357427	-15.18515339	12.76121578
10.66	109.41255009	-11.72857351	-0.17105098	87.23199607	-27.90661962	-21.04321037	102.04917489	74.97286538	-10.63987878	-1.97813994	-19.41707441	-13.89295153
10.67	90.02888653	-32.19515990	-0.85579750	28.68869820	-9.33027754	22.38333838	84.93292673	90.00318241	-31.97514667	38.21109253	19.48211175	-29.86647812
10.68	29.41581738	0.14655097	-27.28327453	109.06213507	-30.27523358	19.32300920	112.49069401	60.07314228	32.67316178	-9.82017959	8.02074680	28.70312529
10.69	98.74027552	-26.42513129	-21.66273579	-22.73286225	14.44183672	-2.38049289	61.29953790	6.61666251	3.72160186	-22.81268189	-25.28250752	-32.92645438
10.70	38.56565054	-30.12856951	-38.71591064	99.89990127	13.21609956	25.82377289	9.41959540	66.28926528	20.51107262	19.67235035	-2.37647660	31.86129742
10.71	-11.07417074	12.16730131	30.67753736	25.53889590	-9.43724261	-37.43405239	6.49297689	68.31601144	-35.08804077	-4.56967588	0.34440454	-1.78546168
10.72	97.79375534	-29.38573479	-36.28135460	-26.61288870	-29.21434502	-6.47792380	88.46624995	138.92893475	-8.75365533	1.69898218	-4.62402115	-25.52839959
10.73	92.43700566	-4.64558204	-32.52594834	110.84995076	-27.81715990	39.65539580	107.79508868	58.16078806	-15.79536683	14.15994936	-13.68956785	32.42207459
10.74	-9.66518393	-24.02977413	15.84804688	86.09367883	-1.21669427	1.45666208	87.39072981	27.40416547	10.18014621	23.52750266	11.58652881	21.93327387
10.75	99.97897755	-10.96543547	29.20700748	117.63929738	17.87233335	-6.42237324	136.08268440	31.85944514	-16.57537912	-28.27417006	28.68322203	2.68130309
10.76	47.84445797	15.04324542	15.74928812	80.07324659	-38.13842581	-36.70744016	47.68022366	134.70859273	23.82779357	17.50633904	-26.28358745	-31.80239618
10.77	81.53861378	6.44417637	17.01683043	55.90665311	-3.44799443	-11.62029842	104.64026747	73.14695554	-2.39023955	31.51746136	5.95316642	28.66671949
10.78	10.22640312	6.06543793	-10.10261504	60.01486299	14.98957402	2.11644800	82.16977941	32.89179485	-34.33529864	17.76925164	19.74346642	24.22187853
10.79	2.31922257	-34.44603418	22.69905296	35.63990649	8.17497053	-7.79684550	1.08608926	139.66965374	-2.16295238	38.09766493	-9.60708727	6.44440381
10.80	97.24692224	-33.57838896	21.84859410	72.61608335	-11.40487283	6.82244454	4.85281719	3.47436864	9.66634356	30.16893438	-1.76094975	33.20230773
10.81	60.03206971	6.25110410	-11.21945473	84.43862335	7.29796654	-16.31589115	49.72886988	37.02834092	20.05935204	1.52841687	9.33535491	-10.37022721
10.82	-7.84418016	-11.28663247	33.76287093	88.01208457	-18.96312493	-20.75172076	138.79497967	117.01061281	-22.41771022	-7.21888822	11.33607130	-28.14353360
10.83	24.88051294	10.79957935	-3.42892567	119.82981188	1.00246317	-27.60447075	48.58615214	47.64573151	-10.17707635	27.37469925	-20.79628435	-6.87145205
10.84	98.85537273	-17.47026809	13.81155291	94.56896468	-24.06163159	14.20736933	111.94583727	79.18848236	-39.80605228	17.66260193	-28.64272979	-13.52228024
10.85	40.24253726	-2.24835672	-7.90794766	61.87030018	15.01498076	0.69807609	5.01372589	14.02882050	10.89677869	-11.16815632	14.24955132	-32.50550570
10.86	20.52793434	-23.94512576	5.89079031	36.04241851	5.21962749	31.89028515	8.84962110	27.66162842	-38.23480795	39.05048115	-5.24895389	-34.17104249
10.87	21.14307973	-15.93820556	-33.11182799	2.80140541	-0.99407944	-11.29862091	31.07402157	90.26638974	-27.05165632	23.66615479	17.49146962	-8.31161374
10.88	93.69663034	-10.10324077	-6.34728410	-25.07199365	-7.46551917	21.88121621	49.03785406	40.68644663	-31.02600161	8.11732240	-16.43008485	28.72997185
10.89	38.14485413	-29.51344233	21.02775703	71.48397581	-3.81639172	14.13902860	7.87962278	39.07402905	22.28911332	-20.62632493	30.64759293	-0.42128867
10.90	112.25302541	-16.80075392	27.11125455	85.72732338	6.94613417	29.69793314	100.89362672	58.66351030	13.15646598	-24.50716480	-29.61540544	-3.23597503
10.91	16.83002264	-18.65070129	-12.72827165	-12.62758856	15.18572797	10.82924052	110.95644798	36.92390758	-25.85284789	39.65122126	-28.27647295	1.93480682
10.92	83.47204938	-25.55818857	-35.61161639	76.67869682	10.61007295	2.88401422	8.82139446	24.26369836	-23.91965555	-4.63938110	-5.58006425	32.25575642
10.93	12.85582390	5.55286747	-26.49826196	102.29752752	12.76025960	-1.64372575	5.83994750	91.71547992	39.86706003	-24.67884423	27.19683748	-0.75923708
10.94	85.17582030	-3.60844452	-17.36032198	21.53323622	-25.51586279	-8.45463908	90.05889375	59.01679497	9.62804078	12.28120780	-12.24400508	-24.00668868
10.95	-27.36030353	-14.00256720	-0.41319813	59.52302586	10.22138217	-20.39125962	87.20584856	45.81878604	-10.28272533	19.25230062	10.08718448	-6.44136713
10.96	-10.52685277	-5.54868801	-18.94745102	83.27945911	18.51889890	12.60575755	119.77875131	56.38107629	-32.90024538	-21.58828664	9.95635642	-14.77545932
10.97	8.88853598	-13.15382654	-10.36981096	107.67029489	-28.52844823	35.68864844	92.96742839	114.58463217	-8.89740179	2.53582529	-24.78544689	-6.45012242
10.98	100.51379469	-20.07310967	-38.62644578	72.24768906	12.17331231	25.22943628	111.73774344	36.45476779	38.04096749	19.97514088	-6.25456779	3.82331877
10.99	18.37475645	-26.71927555	-6.86780909	9.68438678	-4.66350452	-23.68431049	62.90514620	115.73268641	19.35901647	30.47528799	4.79944288	12.54627400
11.00	42.52883118	1.96518887	15.71368521	103.87256221	-13.37833855	-8.68104158	83.86705093	40.57812741	-8.61782418	-35.19153370	12.87054509	7.84786786
11.01	-13.94332199	-39.20020713	-4.08766809	118.04878853	0.44633132	39.81266978	64.47557982	56.92542148	-33.08744315	4.06433081	-16.81571702	10.98968818
11.02	55.00174290	-33.90684478	-24.47841586	-12.11509986	18.59656402	-25.29659842	47.84129450	136.86209539	-34.11658470	11.30155865	-14.87138584	0.60686849
11.03	-15.60081991	-5.96422593	34.42615102	20.66400443	-21.23871109	-5.08685909	123.80454462	48.67600206	35.08309858	38.85023414	32.96859593	-6.79778093
11.04	-8.75964933	-22.64675892	-25.26185780	59.67216366	-14.10134808	20.38689672	23.86198322	121.85670037	-14.74940830	-23.11838401	-2.88953259	9.91966187
11.05	90.14585928	-22.76621614	29.46614755	-17.67013468	-26.04748255	36.63168634	99.46735809	127.54041705	-28.19094455	-14.69591827	19.81894115	9.71270342
11.06	6.58654294	6.12170493	-24.74728180	58.44089458	-9.77875540	-38.73976680	79.20303364	39.96314194	22.50941311	13.48208485	-16.66549867	-3.98902405
11.07	-20.81194334	19.49272817	-27.92784794	91.81571051	-16.94068699	-11.78681921	137.91091710	14.22599112	-5.79796367	-0.65848389	25.08546801	-32.54705042
11.08	60.27373204	-8.07967251	-0.97941846	77.39903262	-32.19996629	8.27227020	102.79084432	106.15877962	-4.27990775	-16.42219938	26.78973669	-5.58959569
11.09	-8.02497660	-39.84498618	12.82459061	0.63809600	-1.76874678	-29.24129733	38.01207978	109.47654638	0.77193174	-21.21635631	-27.51210235	-8.68135204
11.10	-22.07749144	-3.91576400	-3.76182637	2.27624858	11.31676827	25.82258345	54.02066065	7.57495903	1.93894697	-13.37153639	-13.44761401	-31.17131228
11.11	94.58284748	5.35182222	0.65219171	78.75087393	-2.82454158	-31.46002311	92.21704374	81.17934997	30.22327619	-8.30814734	25.98571525	9.83977099
11.12	29.57742314	-29.11889235	9.87725777	-12.29868530	-26.90304372	3.22815064	105.27259869	47.89270675	34.63644035	-3.83236955	-15.75308576	-10.34863933
11.13	99.82126141	-25.42487684	-1.33378775	32.86122916	-37.46028462	-8.00092894	24.06300032	109.23676764	-34.90815232	-2.38948369	32.22578485	25.26908251
11.14	81.60472021	-27.49446583	36.54836835	94.25916049	-34.42341624	9.76953617	73.18987232	90.13053122	11.36474666	-30.75646885	15.67288283	12.22003809
11.15	0.14460450	7.05110221	-27.89433427	-21.48446498	12.97803280	-7.19192222	79.09212680	33.21301883	31.40336261	-39.73572487	-3.67528771	17.93650562
11.16	-17.27830562	15.86509646	-8.69292485	96.91328296	-28.56450280	-3.79859290	127.60307146	16.64483179	36.57759628	36.15655899	-17.71412846	0.48650396
11.17	-4.29641214	8.15181267	-29.78192745	64.82587836	-15.51950471	29.53690281	90.01359826	2.25061667	-2.66813284	29.46005642	18.19734653	9.33565559
11.18	44.18702467	-16.96926639	-24.19542653	-17.03440211	11.83001377	-24.03888995	25.52257222	113.73574771	-34.64262728	-0.45980360	-31.46298281	14.31723710
11.19	23.66222094	6.86617071	9.60311432	-7.66597926	-21.28694919	-6.02391336	60.88293319	119.53896751	28.27864008	10.32187738	-23.87624619	1.02878502
11.20	94.79730648	-7.25169088	29.32405384	19.17785189	10.16136187	25.36382021	133.36477170	66.33595046	33.34114314	-38.38260037	21.39248833	10.35286286
11.21	40.38612646	-15.41728087	-11.61817839	28.36603002	-16.32586308	-2.75451293	2.24778791	114.17780478	-37.43731176	38.81074334	-16.39662136	-7.79917579
11.22	53.21245507	-12.61665940	28.38079967	-5.13407426	-22.13489852	19.40518211	136.38910542	63.17160951	22.87859462	2.73191734	-32.08295118	-7.16656632
11.23	28.11783667	-31.97373038	-9.58864523	113.28497588	-25.61013855	-2.80120093	118.31340694	110.50243197	-27.88259852	-24.60893435	-33.60752333	30.21937779
11.24	83.23505075	18.30633806	16.74382851	-0.31537520	10.04856866	39.95505291	94.63399167	79.25025586	2.50808740	16.66200671	-5.84745828	7.28759557
11.25	73.34096869	9.41081951	-31.12602879	106.10228303	-38.93315644	-17.07683295	32.05613475	56.25046818	-5.61446997	-0.56428340	9.85693834	14.15690064
11.26	72.86585011	-27.48862115	4.13570475	-5.16375948	-0.95263867	7.75025047	115.79178032	6.31374395	4.82679902	-23.38617043	22.08581044	-20.39795823
11.27	85.73915826	-1.30514699	-36.90890504	98.82102248	17.35858628	13.22612324	60.49512898	42.66461120	22.92089784	-37.08247265	0.53083968	13.14202118
11.28	29.79091931	-33.68671702	-28.56540636	9.33349269	-37.09404138	-9.61861497	119.70546981	120.32374118	4.14028930	19.40158868	-29.12822096	-9.01043360
11.29	-12.13712381	-34.28993253	-15.65489341	-5.32598314	13.55573925	-15.20523469	59.87733811	80.47879693	26.81236599	-3.19895561	9.98732537	17.81302584
11.30	92.69001662	-31.20645972	-36.07700406	1.15879597	-7.35293646	26.15395401	27.62713009	89.65369841	-13.73813668	15.98422120	-9.29838322	19.44919621
11.31	21.82837283	-5.78195353	29.79271682	63.97534156	-26.20983303	36.48501596	61.81349892	59.17859668	-38.16939977	28.98414997	-26.84591740	25.07389644
11.32	73.76439241	-20.85963305	25.70457709	22.34776068	-31.32049217	10.18847419	138.82198966	48.06629558	3.44908465	-22.73491160	-32.75976067	12.60818661
11.33	118.26988641	10.18448198	34.54589722	65.40966178	-10.79792646	35.86049082	42.02837860	125.41036356	38.41531890	12.06847729	-7.12053668	-16.50425711
11.34	75.26426032	-3.53416248	-22.02167244	16.08568986	3.99716000	-39.04774192	120.57626442	111.83212747	-15.19309987	-28.75976943	10.70734985	26.19421704
11.35	106.00285967	11.36867801	-4.30912154	108.30099842	-16.35284594	39.06164206	104.85469415	61.40188417	23.21143548	-34.21194206	0.52972599	34.81221550
11.36	-27.99675770	17.79253512	24.71846004	92.37626075	-23.75312347	-28.31497162	55.65496860	63.14544311	-34.81182501	-29.70092688	12.09735770	-14.38728858
11.37	60.55762048	-33.21261577	-17.90484869	73.21013714	12.03593720	11.10935554	78.69278895	111.81991987	-32.67168614	38.65060663	-20.31883771	29.70902669
11.38	-15.40159617	-20.51475564	11.78691364	63.69323797	-11.72299194	28.57485396	97.90048089	43.17870004	-8.21410292	37.77335628	-32.16935566	28.59089471
11.39	100.87569462	-15.99342155	-12.37933348	74.75345536	-5.78528123	-35.19011860	50.71965102	37.98387487	-36.09250485	-20.05819586	20.58802855	31.77090217
11.40	114.03716295	-18.04887106	-9.84843676	18.39298981	-22.57935195	38.33012973	23.64623522	137.82098270	16.07137206	-17.05091557	22.54980527	-1.91801681
11.41	-24.87696337	-25.65046461	14.02980225	7.31911419	17.82922169	7.32721984	34.31233991	55.31588140	-24.82871160	-5.74064044	-26.53611606	-33.70373079
11.42	-10.01079744	2.43386603	35.14731656	50.88493491	-0.21382056	-15.94130505	68.91619937	15.94755392	-23.97650363	34.38071637	27.30843705	-12.11372097
11.43	94.91415527	-29.26319680	24.79744783	59.15307346	-9.35470550	38.43881951	129.39346640	122.22847482	30.74929989	-31.08681682	34.86471363	-29.94078207
11.44	73.03296405	2.26316036	-12.15635747	-5.05236528	-20.15639987	-30.98517129	82.29760306	101.43514382	-32.01896448	0.72654135	-0.76298816	-13.25436782
11.45	117.24866649	-16.67120898	-34.46271560	105.97876086	0.63068289	-38.40176087	47.87779212	62.52281265	25.11472870	-2.67963042	12.54626771	2.83612651
11.46	83.47637923	-8.20859480	37.51911947	49.02915916	13.03566610	16.52954448	139.38912483	5.69210439	-15.54282053	19.49606061	1.75188778	-28.61163274
11.47	59.12851118	-0.61387736	-12.78209210	98.24114061	19.07372749	-17.61365762	122.41724959	50.23312901	37.85826490	16.62867542	15.62668756	-29.02149689
11.48	50.88648806	-1.10052181	17.54754480	62.98023898	5.47966968	-26.61432645	11.42843324	128.86587507	-27.49196395	18.34235395	25.75045765	3.77144808
11.49	-28.51989604	-25.55377757	-35.41000075	-23.10339005	1.68309648	-33.18947089	54.20419804	139.10159596	-22.97798276	-4.34760370	9.02586371	34.69500447
11.50	87.57220563	-12.03890313	-39.05728146	47.14282578	0.58052068	35.43841133	7.66049405	92.16114492	-18.07473802	-36.57065878	1.71097485	-17.87866244
11.51	27.60026796	-19.79163236	11.32742522	2.71243381	-36.55584438	-17.10194202	2.71919757	56.58331941	18.70342311	5.31535157	-26.35674255	-10.57345438
11.52	-14.00202007	18.74546364	29.13405673	10.10646910	18.16797527	3.75713338	0.14711240	79.67189439	-26.45831039	-34.12953987	10.43645999	21.02848191
11.53	52.02521957	-2.25424548	-5.39101244	102.68769568	7.24019129	22.69684361	118.44900176	66.95173665	-19.51720732	-24.86763237	-23.73689761	28.83916548
11.54	25.49441102	-20.12803194	10.98868845	103.28348234	-23.81705299	31.27382569	86.73665846	139.93458693	-39.81268793	16.73443313	25.47525917	25.68143453
11.55	60.87869324	-25.01300798	16.23479209	68.02829200	-22.61191276	-32.12157989	67.73250023	35.35281702	-4.27649887	5.41235342	27.45419162	26.67597650
11.56	-27.49918099	-39.21063639	27.96370697	80.11429000	-6.22409914	-32.84051195	47.46906652	63.88793904	-35.22487088	-6.71558217	2.80034371	-9.05199603
11.57	-5.25358326	-35.21995911	-32.72654007	-8.52493742	-30.33402232	14.16162559	82.31786247	48.43841805	22.24555092	20.01439377	-18.77932412	19.46709038
11.58	50.97463947	8.72762791	2.76270535	75.61739942	9.03381460	35.74644348	129.45357325	29.16342063	-24.83051758	-28.58037955	-10.58750635	-33.08557393
11.59	61.48611243	-25.61202866	-4.61649871	62.75236854	-17.59465369	14.29704246	18.05712346	56.90287210	5.25576697	12.95506404	16.47717336	16.72725318
11.60	-17.66787611	-1.46756104	-12.77939225	75.87532231	-37.37027301	12.87415460	118.20333370	71.89672403	-1.43985262	-24.91586299	-20.09219180	-25.26741216
11.61	65.45668132	17.06489526	-10.34450074	5.29986288	-13.57601730	29.75419991	67.70751493	32.86200119	-12.04784659	-27.43495307	24.40774095	-2.20286634
11.62	96.18317226	-32.74910377	-6.76420720	-13.52369872	-38.48059519	22.09558740	4.82962795	8.02423178	-4.64962848	28.09139442	-28.68481927	-19.87744328
11.63	13.01754389	16.05164341	-26.23740571	77.84336403	-33.38288088	-38.82159235	7.91491699	101.14746952	-14.86257269	13.96056344	-4.32501513	-25.66098109
11.64	48.19961680	-28.62440000	29.09587130	9.97935362	-33.64228685	0.61496135	132.27600285	78.78653396	-20.00758359	30.98694478	-20.56213299	22.44369817
11.65	105.91789124	13.11470017	-16.89703403	114.15133534	13.15074753	-35.00777165	119.23917904	6.77398278	38.87279552	21.08615987	8.67568963	17.59338367
11.66	75.44395279	3.71851720	-8.02221587	42.35107744	4.89671758	4.78051363	131.27675828	39.47754237	27.75346509	-28.98208124	11.81473515	33.66467776
11.67	1.00834919	9.26636728	6.78482235	119.06754072	-28.33208903	6.84214436	21.00662131	54.24382674	21.70428815	24.08685793	-14.51401667	-33.92287949
11.68	114.97390125	-18.64431177	14.89966434	79.17849086	2.42063491	-10.60139489	136.35542711	40.04548877	10.85180222	33.43447689	-28.12277662	-32.35316595
11.69	21.31125659	-22.61805979	-0.75745973	-22.16337136	17.77670012	-30.44496444	16.34327102	36.75221681	11.06844606	13.40222622	3.64434592	-8.78608641
11.70	93.63036612	-4.49802571	-4.58916166	110.63852760	-11.20136482	-33.39959660	50.16972652	120.67661931	30.80221830	-19.16176832	0.81037933	-17.83247478
11.71	37.87762136	-2.90838087	-10.66874459	106.50856383	2.55287377	-15.99798976	54.97369832	55.20660205	20.28884219	8.19000502	2.33732712	-3.82490630
11.72	88.46513433	11.58932808	0.32975427	33.09905034	3.87995819	33.82667342	113.05497170	34.53996851	28.60822486	-15.37878144	-24.43841969	-12.30632143
11.73	108.13840112	-32.69230820	-21.33605559	-26.57106326	2.08103102	30.63536152	17.67623083	81.75068937	-1.01044840	32.20165575	0.86804649	-29.04618038
11.74	105.40850009	-15.70548195	-38.37924991	94.57243148	-36.84422449	-34.41590899	0.29401458	33.80926819	20.15228506	30.93290413	-32.14766575	-4.95277663
11.75	90.69036910	-26.49685201	33.21259053	71.72985875	17.79522363	-28.99711783	89.14985445	28.98401926	-34.23852307	-26.49919976	-13.71161316	3.46532218
11.76	18.44584964	-18.57842734	-24.91770129	65.49039381	-16.94093620	-9.55122712	130.81815251	3.20405230	-0.30071931	25.69110083	-27.16511563	-2.65391750
11.77	106.89444967	-24.18488482	-7.95801011	64.68364435	-12.08837795	-37.19336487	95.85167936	124.82025987	-8.22690783	-10.72711581	-18.19255959	15.22395812
11.78	-6.99903389	-32.80710383	3.08472206	81.20881026	-39.53141918	1.43002340	27.13076512	89.44891517	37.10833222	12.56315623	18.59618443	-28.79562687
11.79	9.02924649	-21.67792509	-13.12922360	53.23305213	-24.06484891	-5.45878242	117.16459856	71.80337372	-4.47567311	18.42576379	24.96389788	15.70099325
11.80	66.95298361	19.69381685	-5.76625364	-28.93774783	11.11965207	2.25232734	122.62457032	47.88567221	-12.81917894	-3.60572834	17.60086045	22.49792708
11.81	82.22716804	1.53189184	-8.62190771	70.20354506	12.18609416	3.23249506	68.54638694	89.40333244	-9.15271732	16.87403607	9.96376359	-19.34377312
11.82	-22.44955752	-4.59220836	-3.75343424	49.18490922	-12.10776634	-0.37782841	83.36216192	121.03411791	-37.14137731	-23.80763382	29.64712742	15.51915274
11.83	10.32962580	8.00953282	21.48902450	73.54164541	14.35508844	-10.94596844	80.57286989	104.29145826	-33.13700627	31.64045781	21.78604420	-27.06828832
11.84	25.35498205	-1.36320498	1.89807381	113.65018234	-7.81989875	27.12588245	95.41930397	1.71679554	-26.40359634	-36.22206878	-28.47093567	18.34520122
11.85	97.08697865	-12.15582843	29.56485811	43.65727395	17.23788381	5.02588678	67.29327291	21.36532339	26.64606455	-34.13043765	-34.64138869	2.72000186
11.86	-29.71239637	-9.01900941	13.93178618	-26.09786815	-25.16469642	2.96393132	25.83033625	87.98575329	7.55191008	23.27821204	23.99764411	-1.95432703
11.87	103.49933702	-37.09459064	1.28222076	49.95185855	-21.92377539	14.56773294	138.15669478	85.47368484	26.07874845	-19.19895960	-10.00192249	28.97958053
11.88	20.20958377	4.61765025	-13.38660727	9.42306338	-24.38453627	18.72146395	56.83926571	47.52419148	-36.80848790	-1.52353689	7.79768333	24.11636032
11.89	62.48603306	-18.56772079	-33.81309771	45.19948594	-26.64728696	8.41715886	48.91514180	106.00004466	-27.36348536	19.38746094	-34.96101742	-6.19586897
11.90	110.36411808	9.99053401	-14.96950570	109.16960178	3.09926533	15.54388663	40.64966339	13.88388494	-30.25474063	-27.74876433	-25.78987189	28.07380468
11.91	-20.76021827	-15.23714126	9.74540866	80.31579878	-6.92486547	18.87993395	87.77939388	47.54304648	-0.99635572	15.86436209	-9.68326477	-1.83088245
11.92	51.78801817	0.90132696	-0.45695856	-10.49016344	-5.51526504	-6.70509093	139.84654963	101.53498810	18.15754159	6.92811467	-19.58211833	-12.19360399
11.93	3.33262381	-13.83223201	-29.47717590	74.51165344	-23.48670616	19.82202504	11.50330419	39.80680540	-34.83145991	17.64048859	26.20013030	-19.07701417
11.94	75.33712290	-30.67373526	5.66969358	98.26941286	9.95206931	29.53899498	86.96417808	61.16361203	-20.97720316	-8.95022408	12.69472010	-8.47133448
11.95	92.67274945	-8.84743485	-16.61298526	-26.98899277	0.16885393	-36.78798270	64.54668290	56.76842240	31.33128389	26.34157728	-28.29337447	20.73172753
11.96	6.93741659	17.89087054	-18.51273627	67.69106939	-23.50474611	4.29133854	114.96572521	24.65067691	-25.85498258	23.57544453	-30.49973723	-33.56071684
11.97	98.98418569	-25.24284519	-15.29384199	-22.75063732	-28.14198877	-36.37770987	16.93830045	44.47462578	4.71315521	-23.80163272	-21.39930088	-2.16350506
11.98	-3.38797942	-28.52763182	14.96084506	56.66145937	-38.77336900	-13.52811611	24.84476289	127.06298461	-27.94119477	24.75451150	-5.31541940	-11.69270223
11.99	42.01084037	10.58973201	13.12029519	7.65206199	-15.26670679	-39.80809608	61.27015052	83.79481580	-9.32621547	-9.05203237	-26.03319264	-9.02286254
12.00	-10.30760832	-17.18677067	-33.24179828	87.07559868	9.52949629	-31.24574490	139.63105089	1.40425754	21.31117840	39.72263058	-15.62707559	22.99438990
12.01	16.12750608	-9.35334373	-23.36813855	28.87094627	-35.33036235	2.86857690	40.31516865	46.55207560	-35.38866106	-14.69871543	-24.13267897	14.00566090
12.02	26.11903319	-6.28451856	7.90214190	49.68579132	-21.97682925	12.02333659	134.05338014	114.24532394	16.37017840	-17.80700005	-24.93933298	-14.72968621
12.03	74.29003726	-5.10708556	-33.03745888	15.04996835	13.27713959	6.11236022	57.78250212	62.58899062	6.62341620	-29.04266916	-5.50328010	-4.74883253
12.04	17.52751788	8.41841183	20.99475306	58.10524441	13.88206088	-22.20172979	48.38088533	23.20101555	39.02375415	-35.65558660	22.72793069	1.99266269
12.05	49.44829877	-15.52855275	19.41184212	14.01165425	-21.05522295	-16.80262448	31.89722523	36.51355091	30.51580404	17.38267733	29.67602951	34.87172857
12.06	67.69803197	-9.61902459	-25.66519627	-0.96558434	7.91104199	-15.60486247	48.68475851	26.55465269	-4.64658745	-13.47652657	14.45905872	10.16873409
12.07	87.86029835	-35.02979294	38.90786386	27.40332173	5.05698605	21.47083156	32.89801512	117.45184956	-26.17556841	27.10578655	-34.16272779	16.30828669
12.08	14.03076438	12.59473075	24.73142172	-2.56702861	18.70721887	31.27755932	102.18246702	46.83528431	-14.71696297	27.31528045	31.67027965	28.31022783
12.09	-21.54758414	0.38163942	-30.66444562	12.19627763	-13.85425067	-17.26962653	32.15262221	2.05017864	16.02448819	-35.50090807	-3.89416173	-7.35106003
12.10	5.55781153	-19.97642664	31.28304755	-5.90408065	-16.80781198	-10.29152333	129.31638922	64.06584915	-3.69939625	-22.31881522	-26.28653518	-33.35572081
12.11	51.89204657	-29.35399786	-16.82976468	52.58264341	-29.26123455	-35.55948985	46.04047002	0.53467629	12.45627334	-15.11603706	16.71103279	-22.64825233
12.12	101.65158866	-8.25435299	-2.10269662	3.79364294	9.22139382	8.49878256	5.44014400	13.49602479	-12.89665613	3.35660439	-23.20300536	31.97204747
12.13	68.63173034	-29.51495398	-28.86681539	4.72231242	-22.82923021	23.09481621	84.38450672	117.35868636	-37.38750120	-17.25791344	-0.31548106	-26.55832238
12.14	61.09182157	-18.06532878	-4.24115763	-11.18043075	8.05174669	34.92874228	20.50813530	40.48347039	24.32100641	-39.69373033	-12.05127426	-1.80380209
12.15	-25.23413624	-7.03203445	25.58181849	2.03873507	-11.38788967	-11.24021958	24.24332561	94.12359812	-22.85099583	-4.89565625	-23.23424227	-22.69247645
12.16	44.70552288	-10.61086471	5.24550701	6.02298518	-3.83240470	22.76679257	135.17958029	76.11392964	20.30894183	20.43833314	10.51115720	-2.42117964
12.17	19.63526971	-6.72174390	-34.06706082	117.71243320	15.89355775	5.07421191	0.43519287	118.95441966	-27.32575768	30.15026961	-6.20787361	1.06440427
12.18	22.11246400	19.90834353	-14.40556078	69.31091112	-7.18039676	-36.43198240	45.47046973	94.25970841	-24.10173256	11.32110398	23.57962949	-6.98577860
12.19	113.90820683	-27.07805367	3.48804730	-27.25876679	-1.58891598	-10.78279639	44.68110380	93.64084510	16.94771678	34.55961187	22.35404644	14.69922113
12.20	-5.47988925	-13.27774383	-4.28433215	44.94569380	-5.76469798	1.56560778	108.08826283	115.82340233	10.68861221	36.13954170	31.71062519	-25.80292441
12.21	-16.74484234	-36.77759048	-1.35875346	99.32204441	-9.28892099	37.21910273	86.58276944	121.57492335	6.19409871	14.20579113	-8.89998071	-7.91993013
12.22	15.76337410	8.57878211	39.47655210	82.04317147	-6.65642812	10.08541482	83.59934645	15.61481355	7.83747882	2.18951978	31.57108715	-30.96418663
12.23	66.40475134	-4.86637530	-0.45357774	-16.88308558	-10.69097154	27.32076638	39.79125377	93.99253253	3.46230725	33.95957275	5.06571952	-2.22165756
12.24	10.44128772	15.55988523	38.50537166	87.11927828	-11.48531440	17.80315110	130.44615976	103.33452187	-14.07034421	35.23824693	14.10758938	14.31246196
12.25	75.87312906	-0.54079174	-35.32296503	89.99767755	2.79128838	27.13187768	32.67238622	29.77954036	24.05392935	-18.03409311	26.92174651	-6.15787751
12.26	74.26378043	-11.43379019	30.93736417	13.15290661	-34.36595900	-33.42445015	10.73201098	114.76827012	-32.32768527	30.24672070	-17.62690194	27.49293576
12.27	35.72911141	-8.20978437	-6.68714076	94.85767272	-35.56967351	2.73990312	40.37061724	65.41716748	-17.97070573	-25.58171967	7.47190786	30.65226505
12.28	95.20489392	-12.91762698	28.71916553	25.96508329	-4.73776836	-24.02210663	62.07101060	19.38174473	-12.35216986	-31.98520333	-5.45607779	16.74117760
12.29	18.56753132	-19.97239472	33.58765594	-13.28878963	-0.37495708	15.96501251	13.89946904	79.76021129	-8.10448528	-33.33973855	-12.57505921	-25.20278430
12.30	63.47906904	-3.72745098	3.24432127	47.34267585	-6.65348969	35.04842726	71.37618938	109.11130325	9.19031124	-9.94479392	-11.32104261	-19.67960712
12.31	51.00344586	-14.98284044	-31.78075407	43.56082121	-7.86346557	-20.52870846	96.78167532	96.27385612	11.78841429	26.70063989	25.12038413	-15.74611492
12.32	-19.24588160	9.23153161	-10.67993536	48.65491494	-12.79010081	-36.29227187	57.40674039	129.70525472	-4.40264700	23.78813186	-25.69258142	17.92103109
12.33	22.08386536	12.09422881	-34.29567072	29.62169709	-20.91022888	11.00148286	52.81596843	139.16537644	24.71351206	-39.30297599	-15.23732469	-0.04545456
12.34	54.47078287	-19.72558065	25.43855206	-9.71388534	10.97581086	12.47054023	71.52120529	103.64837337	-3.99198326	23.95422460	-19.82866844	10.86999469
12.35	116.40861671	1.50200172	38.34092303	8.35403596	18.80419448	-27.19366270	36.96279580	20.38349939	35.61143735	30.31547546	5.44001635	16.30765809
12.36	87.54774703	-14.15349378	14.36716382	108.74285173	16.93270003	-8.36570535	56.47606687	130.67346587	-26.90158655	-27.63719915	-23.88234633	25.39093517
12.37	42.13604942	-25.39541079	-9.48347398	87.99505971	-14.25147446	-2.02004042	34.61290260	139.33662895	10.80459828	33.97810032	-30.08660166	17.06768411
12.38	-0.52942911	19.36421256	19.44743560	26.34275073	-31.58293669	-37.57535849	68.28674420	104.12180421	-12.99207915	-35.40944915	0.34645880	3.42248454
12.39	10.49437052	-25.71305982	39.75315619	1.60554309	-17.22458492	37.57732207	19.08780260	1.78565646	-32.38011388	6.69619519	33.63753410	12.38530819
12.40	-23.63639671	-0.38230032	-2.26833056	-7.11849538	-16.40051777	-31.02503527	111.95051565	128.96393038	13.00940896	17.17245358	1.69408854	-27.84112096
12.41	57.23712182	5.74721308	-32.31770966	32.13712779	19.17839197	-37.53626704	138.13357483	130.31093410	32.04533034	28.23411144	-25.72000477	22.75946008
12.42	33.63453403	1.69425382	7.35959295	-23.69950863	-29.56664101	-25.03230177	75.70922640	16.93181494	0.78479222	22.17514984	22.01094425	-19.86252193
12.43	68.78141209	-34.69774880	28.49059773	85.27729665	-1.03713642	-1.47153350	34.39140928	120.64640577	-12.56167528	-26.32331002	21.44489692	-27.81747459
12.44	49.71937997	-22.83629262	15.35527410	102.00644914	10.16147207	7.43848868	29.20753456	137.27035370	5.22589248	29.08995526	33.85710272	5.36691450
12.45	32.51762073	1.00191497	23.47531451	9.77877048	-25.95879773	25.49915159	43.94353008	32.59159082	-13.42493378	-32.22029839	-7.12149680	-3.56478946
12.46	22.80389624	-24.68875680	-2.33698056	91.68662821	8.35657341	-24.33186716	30.19054498	47.02728965	-26.43930366	12.59453622	-11.96159245	26.92274638
12.47	-23.90666302	18.09767186	21.97323341	82.83947920	13.07433691	28.03996532	136.54600105	136.41790095	-12.20120590	-22.47576074	29.73650333	-16.27439703
12.48	117.44506059	-13.47392950	9.64110743	44.81984053	0.72152030	17.21397510	48.97749299	16.94958311	9.44627607	37.13553546	-34.65809799	-11.68409524
12.49	-18.72040673	-6.87047610	-25.96344456	104.45792371	-29.75768997	-4.57433798	25.20609530	70.16626407	36.50304395	13.31697413	-21.40176201	6.13123547
12.50	-26.18008653	-9.77403371	26.55956976	43.08710264	-4.18348942	17.30512761	55.53338314	30.62599862	-15.83628756	18.57374902	27.94346973	8.00395845
12.51	2.29543770	-14.11147333	-12.37579431	42.56468589	-11.80017870	18.31957613	125.49195155	95.82573299	-14.84912897	-5.35183071	-34.11080433	-17.30761701
12.52	-9.57206300	-12.07239346	13.97219442	40.55147390	-27.62526660	38.14909045	103.32384072	37.68459786	18.97397118	32.85842275	-11.45068587	29.15520380
12.53	89.16492557	15.03162487	-5.67850084	110.16789165	-4.95354314	31.71456789	50.53136568	123.11385703	-3.26397865	-25.92755289	31.29939046	-7.73968862
12.54	-7.25555033	-38.59493807	33.63228399	-0.45212930	-26.01228216	18.09478228	85.49607012	87.54460797	19.93627434	32.07134313	4.17797460	1.76089818
12.55	20.99251005	18.18653241	-9.98328306	54.19262489	-39.77390859	-9.88015299	96.63993667	114.74881744	-39.08670618	0.98522250	-17.31189510	28.89150313
12.56	-28.01274285	-33.12354286	-28.29019465	-13.91477195	1.44416514	-9.51696287	21.09810521	80.98786639	-17.79303039	-32.13559252	-16.32110471	-4.58634098
12.57	109.73536316	-14.16921895	-9.44017600	48.44265756	-36.96064353	17.23754467	13.78162314	73.76753434	35.87578286	-1.66678662	-27.55447907	-3.06811333
12.58	18.15605918	1.55571266	-25.47380729	-12.52645256	-21.02129743	22.90283871	54.11803083	35.34430249	-35.32198527	-9.08111642	-22.06848309	-8.71384609
12.59	96.43176191	8.01614610	29.54671456	-13.09894210	1.05065359	-22.39088085	66.65503131	78.27736695	21.04937806	33.23552983	15.92210038	32.77064559
12.60	114.29022620	-0.52092147	-5.84173396	-7.35953855	-20.03142941	33.66660841	73.48208119	43.64597490	25.39603602	-32.71773057	21.16240500	-9.74301800
12.61	79.11780312	-10.58847799	0.08319246	-9.91566412	-19.67267906	-28.78409710	58.70459573	109.73528384	22.75205527	13.57170948	-12.96930165	17.38127958
12.62	9.11127814	13.42073490	25.59559223	27.20298587	13.60397549	-6.62937424	112.07383479	63.65377156	6.69716709	1.75961448	25.97152653	-16.35807071
12.63	43.82182121	-13.91612826	31.42685724	58.85118185	-30.34093818	11.97268957	64.78130933	80.43627402	-1.99621882	19.79517466	13.64719386	32.20663805
12.64	87.39779085	-25.15534374	13.98937169	12.84458752	7.08476713	-16.14539339	22.58417663	2.56145375	35.85561958	-1.30437640	-2.92843542	12.65875025
12.65	74.79692356	6.85077911	6.42294915	-24.41251638	-33.01552597	-0.01776930	78.10640669	88.63515503	-35.80798265	-15.87543052	-16.83921291	-2.16914112
12.66	94.13575473	-6.13087361	11.61597697	0.66433926	-23.41998056	-6.09056660	11.73210682	84.30922432	27.54606958	-33.11117337	-24.30363445	-20.37707702
12.67	51.68613641	-31.94366138	25.56415631	46.88903016	-22.39075695	0.67040853	109.68017929	23.11161520	16.94097393	5.67278100	6.80752391	17.33440863
12.68	68.62539077	-20.21096116	-12.23292083	83.75648159	-29.95518409	-2.02845123	112.01947677	58.13292033	-1.15602773	-3.41968205	25.40089044	24.99441820
12.69	24.47943361	-34.64279020	27.37636575	107.28379941	19.11078575	23.05934279	77.07051545	118.56592714	22.46908207	-22.40553519	-14.85777228	-9.48818045
12.70	-1.28905691	-7.52387083	39.29239429	55.55784279	-11.11844266	8.97911370	106.48262801	98.75980641	-21.37938656	-18.87319057	-14.34140585	-13.72508251
12.71	74.58603987	-31.00371385	-8.89579778	62.43924563	-6.72342328	30.46148174	93.32946754	7.76194280	-29.46776930	5.53237685	-34.22941295	-0.25163977
12.72	-29.56764884	2.95337551	23.80474309	16.94405069	-29.66776237	31.22268806	100.19267805	4.93914604	-20.00562387	16.42005408	-22.75994766	-27.62748618
12.73	87.58214119	-6.66955660	25.89228986	52.91470528	-17.75251854	24.34205418	84.80085011	0.05271229	22.94188273	-31.75290839	-29.56158510	28.55491189
12.74	-28.91501694	18.26468852	-2.45686876	20.82158643	-20.25441745	-21.59471539	84.79693768	86.74252894	-21.92932680	-13.51023788	9.06813701	10.32685759
12.75	62.52013809	-39.30152715	23.57841789	59.82508024	-36.30941023	23.10049722	97.61844767	15.86258099	-14.67832440	-39.40915350	16.46992006	8.66141407
12.76	59.19207760	2.96668389	-35.60149307	-29.94145762	5.35028384	3.46716234	84.53246777	119.80321369	-19.43730947	-35.92557910	1.68232513	-17.35411056
12.77	-14.17313688	-27.77920104	-32.00595046	63.54460660	-16.00941230	34.23163384	38.53381719	125.31218837	15.41862524	32.45235467	-24.95792026	3.14946877
12.78	58.83034377	-37.93122139	-37.08675982	34.86281708	-13.48122560	-19.04981196	134.22652051	58.86408840	23.14075917	-6.85190858	8.46224030	24.33582201
12.79	83.67705949	-2.30974560	28.76166309	113.39843019	18.41426266	15.92707139	3.32897310	88.15309464	-10.93826170	-11.09808214	-6.90887491	-33.80912432
12.80	50.39879373	-7.25707843	-8.35759990	92.32536632	-30.94770564	-17.11659344	80.84322490	20.37961448	-23.17803319	-31.69410533	-1.14731830	4.34436463
12.81	70.91408259	-21.85803510	18.71569010	38.98507056	10.09597427	20.94051333	79.37913291	53.64322936	-9.12533163	-8.65753709	-22.26004963	-20.86322049
12.82	76.30075691	-9.56019762	-16.32943394	7.11243244	-23.20811288	-24.44081998	0.08781471	124.06161698	19.25705739	-29.87420976	-19.42921549	1.35383551
12.83	0.88648236	-36.69454779	28.51583229	106.99563701	-26.64028211	-6.05983098	118.22061338	71.69807519	22.19167493	-6.73183830	-15.74939375	9.82551321
12.84	108.99247596	-14.36925644	-15.48990164	110.74905791	-34.04873568	-1.78900152	113.04642313	34.68033825	-22.97205896	29.37354120	28.15009641	18.33496851
12.85	19.13121736	-5.38852416	15.11297982	105.19337593	10.68452189	-29.28519256	132.77108118	84.62532419	16.04855221	23.07504866	2.46654878	9.07343860
12.86	57.55529341	12.48262096	32.56279745	110.25802568	-37.23880290	39.57642720	72.54995793	40.89436997	0.77884430	1.31208523	19.93762757	-4.16924244
12.87	-14.52256675	10.83083221	-6.68437020	-18.09880569	-38.74258620	2.28554052	70.11393322	72.02494661	32.83091243	18.19082898	26.06529684	5.42146503
12.88	119.46075256	7.83293008	27.82209038	86.95907122	8.44197140	-32.33765670	0.76400567	139.40990982	-35.38861439	18.65711339	15.19475122	0.18246867
12.89	68.12116628	15.31961449	15.81698808	40.95123297	15.52842297	-35.54300531	78.36298688	136.01711597	13.27500634	27.55877826	13.82822866	-16.48695996
12.90	39.26784502	-14.91499246	-31.65459734	27.43447957	-11.48122104	19.58792066	76.35106259	37.81265189	24.18044293	-25.89660327	23.32507637	30.32633756
12.91	54.91796194	-13.05702687	-7.04027215	75.94888277	-18.72171142	-12.62828555	50.59519316	126.43643094	1.22976717	36.43556000	-16.69588681	33.25049160
12.92	-25.92175166	-39.44822447	24.13062394	10.83879356	2.03232178	-38.04965350	29.09223347	4.70567367	-37.08187184	35.23986592	-8.91706703	-32.36265090
12.93	6.01194691	-12.55975966	36.22938677	3.80200061	-30.08479540	12.50172032	91.37607259	76.87488856	-24.53514563	-1.55140147	-24.10780304	-6.18102968
12.94	116.20335849	-9.45431684	-20.70061576	-2.33515393	-37.18148107	14.13476481	50.89904289	24.93110137	2.55724372	-27.33983504	1.48531847	-7.20655869
12.95	-17.84527200	-6.68910335	-18.56970194	30.07544766	6.16631766	3.86462929	73.59736065	85.71303419	9.03589245	28.42991803	-1.43448980	-31.32317634
12.96	-8.74486589	17.22306868	-39.87363051	107.95489397	16.17611681	-7.80761786	52.00379228	29.11703762	33.14023207	-33.05346943	-15.39256711	0.91958988
12.97	55.96158918	-35.06480270	15.41499653	91.07436867	-0.70359095	14.36862287	21.46952264	106.26679556	37.83404617	-34.26226497	11.71609742	10.21864740
12.98	86.09581880	-21.36429488	5.76578600	36.02250094	14.16666861	-23.41998711	5.46653703	56.15681746	24.91114100	-31.02769798	-26.17332200	5.15046297
12.99	97.93097404	-14.44171131	18.75446871	81.53825620	16.99285940	23.93492958	3.44839413	106.80243407	-2.27375993	-8.64455316	26.78466256	5.74944678
13.00	99.18424243	9.62248730	-37.81983240	77.07276028	-20.72743086	-32.68785208	134.54862795	134.96938632	8.10387646	-6.12213806	3.47407201	6.22280106
13.01	84.03332346	-0.81020976	13.15229614	-25.94311635	-4.89307941	-17.05435975	89.45550144	48.69338250	33.57027670	5.26773986	-3.83513790	-23.32709557
13.02	22.14866036	8.28163425	15.99108726	78.34290857	-14.31702458	-1.33576048	97.82305302	104.39678919	4.54194185	13.70311606	17.59546918	1.24689139
13.03	57.23717309	-33.85742861	33.52412209	5.13180458	3.73104487	-30.36790029	92.52207752	121.45659986	-18.80100169	-2.36748217	7.75408889	-17.75368182
13.04	91.96846777	-20.13350434	-36.66948155	67.47048507	-37.05077740	16.50114525	118.16423172	93.94171869	2.33763450	1.01824363	-29.27531772	-8.96702139
13.05	-9.17312377	-38.92408291	9.80361200	13.53262361	10.03882707	26.16367620	46.99270258	55.03448548	-14.29931572	30.41060232	10.92252060	-13.74630529
13.06	-17.78691403	15.41064673	35.85108312	63.34717217	4.72920632	31.23696206	103.24303416	68.48486670	13.48635070	-37.80487496	-22.89888937	21.51850321
13.07	38.78777938	3.14486729	9.74861917	119.31709063	-0.21534989	-32.54396234	83.54659918	17.37542636	7.40158636	35.69800723	-3.57053434	14.62027613
13.08	16.55105046	-18.38889254	-21.22986094	5.13351724	8.51346422	12.17073424	99.32344284	70.27900946	12.01535270	15.99155684	-7.09789412	-8.55853206
13.09	-29.43979050	-9.70797946	-7.29590682	42.94140128	-1.84803481	-6.06002046	104.74301547	29.98636227	35.79063784	6.06066915	-27.16450330	6.22769509
13.10	47.52952765	-39.41519054	19.66535627	83.90874309	12.07963701	-22.77206391	119.11032605	108.36344008	-18.70042678	-19.91334880	26.00794707	29.64870144
13.11	25.94666646	7.01063178	29.96975992	24.02347437	-37.14476939	33.35915789	43.01803427	89.46369189	26.04699933	-14.13582379	-24.23402558	-31.05149518
13.12	102.47018165	15.08760823	1.28959131	75.29900128	-9.91977547	22.80330971	113.48913197	21.77705646	-32.25298688	-12.65484318	3.00207618	-1.14588595
13.13	20.12640385	-24.56709417	9.46718443	105.24141899	-33.34597811	-6.10821002	13.40903198	72.93762717	-5.74829554	19.57905824	-0.33554934	-4.11662602
13.14	69.40065954	2.10321715	37.31132434	50.95733785	-2.85057340	7.06733987	11.42537611	91.12702548	-9.05289059	13.10741640	28.48778236	-34.82333198
13.15	55.21175706	-9.25435013	12.33338407	98.65060197	12.79732197	5.06192583	22.49026574	138.60139017	13.03036666	11.55678109	-7.83282467	25.51132272
13.16	14.94999152	0.00631463	-3.21412404	100.24284184	-33.88846051	14.83701707	114.89893167	37.86988934	-9.48595538	-13.70203250	-1.50528467	-12.30988772
13.17	40.14180846	-5.64999377	-31.62854563	62.86944522	-39.59709881	27.81541088	43.15785360	62.81437366	27.31665629	-3.80994256	-21.69998485	-3.67205014
13.18	25.14899412	-8.48558164	20.79852470	89.86454545	-15.90616340	14.17745556	23.24980677	17.57137832	-35.27470124	16.59974457	24.13234949	16.27722514
13.19	5.63790750	-4.55126508	32.51153802	-12.15336532	-34.81871628	20.84177646	115.48862004	35.78377927	3.63148403	14.71703734	-2.94768451	20.51753251
13.20	-16.78161931	-33.58138084	-7.26502302	18.01621651	-1.15560325	-26.89730480	89.70997814	104.27435955	27.30080114	28.14068494	-31.94217709	-0.34338160
13.21	-22.18180113	-34.69683382	-14.10878174	92.26856267	-12.33921996	-4.90163048	36.23386635	4.54130642	24.83654587	38.77664505	24.79246356	15.85460118
13.22	3.40546835	-21.20432614	-29.98193918	33.20191274	-12.57770696	33.86578853	96.84344536	61.24073565	21.79294558	-18.74030512	16.10278396	-13.25206801
13.23	-17.50210723	-34.66698455	-5.34289992	81.33715804	1.59384649	18.62489713	118.07167675	86.55964719	-8.77163646	28.62583203	-12.18895245	-11.64112425
13.24	-7.40531322	-17.29523716	38.09942075	40.37011609	-18.08596700	-2.90032609	28.69626813	7.98112577	-37.38924433	-6.78316696	0.85592198	20.95653800
13.25	-11.26201718	-35.10521970	7.70970736	68.34831758	10.94935096	10.88711817	43.23122475	0.66944819	-25.94525421	-34.53992848	25.88476547	7.64113747
13.26	25.99483204	-30.03174480	-4.52635321	56.71300612	-6.74371331	-17.50048234	129.08531239	72.20588490	38.12187828	-10.19284365	30.14478658	8.35110995
13.27	5.72607765	2.32913013	-39.73078769	-23.50620809	-22.15453267	-38.68894514	117.71807009	13.87765102	-11.52621939	-22.22158198	7.00502833	26.91641248
13.28	-29.33867005	-38.55102053	0.01076698	14.01368504	-24.50306170	-37.59592082	65.05611810	52.71039088	12.69781187	33.73314907	-6.27638112	22.24671381
13.29	-25.06318234	-4.66640459	-16.11413228	-6.20334024	-37.51881499	-24.68410075	134.02445580	9.86016035	-29.04322240	-6.25030588	34.27463350	24.18267735
13.30	118.50804230	-19.04643723	-22.68256358	55.82906707	-33.79530541	-11.07017224	48.85678650	74.51463512	34.19125153	19.21422343	3.49311557	10.27905723
13.31	6.77167253	5.10610492	-12.69211345	43.61995788	-39.13484510	34.26403202	76.29643381	7.68445883	-27.99345815	-35.07005979	-20.83620957	-13.97902217
13.32	-23.87585979	8.07091365	23.42725562	43.50672142	9.96795784	31.32507433	85.45691067	8.32283150	-21.62526776	-15.09793747	18.58535624	25.99609775
13.33	63.90146847	-33.05196409	7.73616960	-13.83421857	19.20040616	-33.21443744	10.34825794	28.92944308	39.60367202	-16.42546228	3.60580744	15.94699670
13.34	52.74615711	-16.01560255	-14.86722751	57.75670349	-24.01047653	-33.75668141	108.14258255	12.94086326	13.82896139	35.63337451	7.62685366	2.15484437
13.35	28.32772788	-18.73142353	26.92282288	-2.47424068	-11.96700108	-18.80139748	58.11974871	127.22327238	-28.92416017	-5.71013318	17.53808177	-6.43124775
13.36	79.99977505	-1.74555351	4.09246596	113.90450902	-37.91770537	13.49936455	64.24471614	84.57360694	35.09770455	23.65992030	-31.10961711	23.52637094
13.37	110.54743523	-20.55781323	12.56807341	86.93204521	9.72297652	-21.50345875	2.04967826	14.67677888	20.01375424	21.00734432	-7.80974576	-32.54024600
13.38	29.45328786	-1.19744923	-8.82060856	70.29590003	11.47770328	23.53534363	34.25474048	91.21187248	1.10282232	24.50882439	-21.01295588	24.41064896
13.39	26.29887404	9.95160866	26.03484352	0.16407984	-36.38017584	-20.14543801	123.27676772	139.78858923	-29.29964156	16.53267759	-29.52795645	-31.94060560
13.40	47.12750218	-19.84176436	1.28001702	-27.73720967	10.94805526	-22.39407339	15.65497509	128.20395614	29.68581182	29.45667515	-25.66652895	-33.58427785
13.41	5.17141496	-4.67740931	-7.52605426	47.21785192	-24.71768218	-31.04620396	85.50745143	97.01068303	0.12020616	-36.94693209	17.68046442	-10.86723885
13.42	-3.90391337	8.99846672	-12.91615455	-14.12977445	14.61631073	16.44851842	84.56206548	81.66092259	18.27498422	20.12748717	34.64820647	32.64981112
13.43	28.30215242	19.00097222	13.71670850	67.40469662	3.40086009	-35.70607002	131.61907391	106.60075019	-7.00331497	37.90095778	-5.06028169	-18.23921599
13.44	71.55285411	12.10336251	33.14895845	112.66522840	10.88931649	-36.03806171	73.24106462	133.06250480	-10.26953391	-6.19309786	-0.54408032	18.36972996
13.45	-27.78449926	18.46840508	36.97754702	89.64906663	19.22064321	-34.73426206	40.95656725	54.24636218	-9.81153777	30.87285201	18.44508023	16.76163251
13.46	-9.24071285	19.29125236	-16.24975842	101.20804717	-7.47042505	-19.63779421	102.26687699	87.68465877	2.72334919	4.40279976	15.01135788	20.50655843
13.47	91.21621821	-36.13441827	8.26558547	39.34631351	-2.64105359	17.11518326	68.87211680	40.88144792	14.81081072	21.45395428	-33.57936251	-4.25148218
13.48	19.82179375	-4.16755882	-22.99024051	3.92240086	-32.37547584	22.16770411	97.62580171	80.05716357	-5.16836488	-7.19360154	-23.32892001	-26.52326979
13.49	53.87338713	-39.30450338	31.12110346	-24.15703269	-30.82019999	-29.09191398	118.87424199	128.33031811	23.44365349	-9.14100208	-25.70150459	21.75887443
13.50	-21.67594718	-34.37525644	34.97015922	15.09657054	-3.64983353	27.55717630	74.36280490	111.71238415	-33.30731881	-20.86608370	29.05199278	33.66203440
13.51	52.61602651	-31.03089670	8.85301939	116.51603007	17.30509488	26.48198639	124.85870421	67.19587642	1.69231633	-15.28387908	28.45102431	10.06154377
13.52	-25.83928600	18.92812086	27.10870400	2.83821733	1.03403346	-9.35065839	72.86395542	78.56676751	-14.41996609	39.63980128	20.46018557	8.21008965
13.53	1.08876543	0.04503671	-33.61224796	119.16777231	-25.27953671	-21.03184538	99.67952173	35.24118091	-25.31710105	-24.32286385	2.71484181	15.52134910
13.54	37.18451978	-1.59443780	14.51322649	105.66787103	-24.04722382	-1.07925495	64.09898476	8.27006981	-9.20562608	-19.24076200	4.88254629	-15.80281268
13.55	48.57184523	-37.00639979	21.01473713	51.69592788	-24.35899759	-19.85506725	46.11990366	43.54289610	21.85870849	-35.62892279	19.54135237	-27.52261682
13.56	-11.20374158	-13.89815609	32.26056805	4.60766301	-29.92744516	-14.19969990	3.28516015	39.45424818	32.82934572	15.21665195	-12.32319994	33.42207706
13.57	38.85550468	7.80008260	27.94823690	72.83668692	-11.96799939	-24.90384334	60.58290496	85.06477073	-35.49166834	3.04459436	-34.81865192	-0.67817694
13.58	87.07252523	-12.96765704	9.99803598	40.01384481	-35.34205515	23.98873352	26.65517497	29.97819324	4.89180249	-13.92916315	27.29126137	18.83047834
13.59	75.86811233	-38.03558686	-27.57105713	11.61995981	-36.72687428	11.08243442	60.81534703	78.81049042	-3.23480260	-30.56238385	-22.23400139	-14.10033807
13.60	25.36194663	-18.12057787	26.84163276	97.48890131	-8.83959203	-28.78780912	134.36845340	73.19148360	3.90119251	-25.01634997	20.55296597	5.33726882
13.61	44.42170219	-38.21128238	-21.39649653	39.96076580	-2.32023860	6.92827517	102.87015644	96.99278254	10.16581120	-22.16877419	-0.77407999	-4.95927651
13.62	89.85041889	-24.01569410	12.27295526	86.42999713	-36.36893845	-8.45709478	65.81141586	81.49686681	-39.42396078	16.80450172	8.14314090	-11.92917432
13.63	9.47640939	11.76257556	-35.39212149	116.30075359	-30.20985618	35.86114284	20.81867260	62.20646132	-7.71326889	39.94965794	-5.23435234	10.19660401
13.64	-8.96692824	2.36964029	-16.94341648	-28.37995721	-1.16743399	35.49285939	89.33536630	139.47435685	0.79646838	-36.46546750	-6.38793532	-28.14002105
13.65	115.35108335	-24.02151768	0.66262554	69.46100607	19.49434990	6.43944224	13.10403864	57.72281681	12.43021804	13.25659279	31.92340421	-28.22063283
13.66	100.95110226	-6.99496109	25.05369233	-25.38068757	-15.06478671	26.53569534	137.38237031	30.20428972	-33.24354679	-24.48959679	28.11237214	-24.11143625
13.67	101.12817712	-15.91248114	-38.40804567	50.36939388	-18.14538609	-18.32363152	19.44017380	40.17416945	-21.11325089	20.50924436	1.91923197	11.45682993
13.68	41.57583922	2.13685492	-28.57496809	-0.27020354	10.54790490	-30.36823878	78.45027018	139.27650876	-27.03671956	-29.78698710	4.14543323	-16.69068726
13.69	-24.69718677	-13.36528341	22.29974546	111.32116431	-20.16119077	28.41926509	115.69422454	1.83064215	35.27711411	-22.99691095	26.64049845	15.62350712
13.70	81.44452624	12.36457205	-30.86751505	4.07864741	9.97471852	-7.99813322	11.53752460	133.64189721	-32.90024844	-29.76428144	-9.35231135	-16.97350711
13.71	88.52367877	15.63481621	-27.46831246	6.49697491	-23.33555542	3.17586579	91.61311509	24.81235037	-1.42252837	-34.61791873	-24.70791500	-2.32449117
13.72	114.76961829	11.39548147	22.72309669	98.76429647	-2.65773455	19.56110226	68.71780567	99.84541173	-16.80064678	13.58234836	-13.30734007	5.29054918
13.73	-24.63291610	-32.29449739	-22.54717901	104.09042002	-10.76450882	36.38616131	80.02836439	59.06021913	1.94983084	-6.46326455	16.17357609	16.20052005
13.74	91.92174874	-23.07274313	5.14292795	75.72323841	10.48836874	-10.77951825	66.60899837	129.76967735	-17.63523902	-7.88371336	-30.51635192	-8.37427831
13.75	20.51971826	14.27752534	-13.31813667	102.11337968	5.51405281	-22.17745307	101.97038288	3.74424276	22.15609687	15.41148528	-15.66141482	5.38847412
13.76	69.98845706	16.30686135	-33.56918431	111.70206204	-6.19023147	-38.46191792	5.42654552	101.26022831	-7.44667671	-24.07882746	15.25365795	19.21843416
13.77	105.08404441	17.07677209	29.98450386	-18.58625711	-10.86693487	2.52329154	45.74147826	121.89411953	-17.69117053	28.15346970	24.40504060	10.95402632
13.78	7.74271570	-39.29087771	-15.41084256	19.03045796	-35.89146304	-34.28225457	86.06914885	106.94042293	1.54487335	34.78511057	-12.46397221	-24.52416205
13.79	119.01423294	-19.33614384	-6.07696744	12.25352597	-12.48763249	0.48638235	6.04283579	88.35939161	-20.08784531	-11.87053980	20.12687849	10.60118705
13.80	-24.32269629	-13.69421092	21.84727277	78.95394973	-32.98040850	9.69889864	18.42909513	79.63087982	-36.09978987	0.83477994	28.61719530	-2.97333975
13.81	-12.79266214	-15.91352229	26.03806305	83.16947861	-33.48374962	-19.80586609	112.52160865	129.05997547	8.22471977	-13.04427078	-33.96398285	3.59025926
13.82	42.10166117	-38.28238732	-29.35130485	-7.14569009	-24.77684885	-15.31077962	68.32002316	13.51944665	22.29524938	36.85712354	20.57479436	-18.48546568
13.83	77.84262248	-25.30145156	-15.81947103	108.64687297	-3.18113086	24.98773104	75.10331341	23.44145522	-34.29070928	39.46117415	2.05957880	-5.79680601
13.84	108.97408985	16.70047845	24.58973758	-5.83933012	-39.66925738	-2.26381106	63.29837754	92.03245115	-23.44866969	-8.01396633	13.35309210	-33.93171087
13.85	97.09071713	14.54218134	11.72044992	-20.58614393	0.86049919	7.41505219	13.27414740	51.64074983	24.75017854	13.45406801	-27.94617990	-26.88291492
13.86	115.57700124	-32.19931096	-23.66937468	45.77879055	-8.35063720	-28.29351997	11.36901488	8.16912758	21.77250188	-37.78044555	-3.24846712	33.12095230
13.87	36.20379591	-37.01529254	30.47868022	68.99317766	-1.61696114	20.92333800	75.46080082	82.82360075	-38.98283982	26.01125127	-14.52840636	-13.82850915
13.88	30.94730880	2.70106697	3.18000349	-19.32825545	-22.33477719	18.49462701	120.31024993	92.11664554	20.73931230	21.25658687	6.34303717	10.93476284
13.89	58.41751384	-29.42808976	11.87460788	-21.46081246	-16.36125740	-29.51222536	74.15496492	22.32003719	19.28717742	-6.07202001	-5.12436155	-10.03623108
13.90	73.79234655	-22.13889201	6.04425252	-4.35269727	-5.77083068	38.66947436	123.24017937	109.19415369	23.05974541	36.79029848	-11.94115077	-19.13482718
13.91	105.43217328	19.93854029	-27.88256132	80.20275453	3.50390174	-35.06331311	96.34391613	99.03628136	-32.60338680	7.54380742	1.74105070	29.32135101
13.92	58.80351387	12.98544286	-32.11002914	66.31520433	-5.18088476	20.32911130	100.43705863	9.18365411	-33.69197923	5.18575971	-19.37778653	-4.69601909
13.93	105.89519244	-30.68961324	-4.91365406	96.03966817	-9.58185102	-23.68419800	40.51324740	34.25450562	-5.52124162	35.84069935	-13.14530180	30.13856546
13.94	32.35175488	-17.70000142	-18.52733274	10.08243685	-26.50391066	36.83020215	7.11770844	130.94887382	-5.92672387	4.32540260	-8.09658631	-8.85481139
13.95	85.70376526	-15.56570814	32.46958243	-23.59235866	0.36520322	1.06144911	44.61980248	59.69337364	7.88071895	7.03549110	-32.26233939	-6.46256915
13.96	119.71011851	-36.44960874	26.50667013	-9.35428038	-37.28533070	5.59525463	8.96224729	77.02865715	-31.78875221	5.39206645	-11.36650919	-26.98553860
13.97	-18.18454429	-10.64447200	37.88019565	46.67055984	-7.68807502	16.78897307	68.68243055	13.81496030	-28.61524816	-4.73867564	12.86200637	22.26392183
13.98	76.08660554	-28.51848261	-20.70114463	2.29838885	-8.27604449	38.84229505	62.19927059	54.84998046	-7.31122570	29.80200053	-15.03614142	17.08483063
13.99	105.47397883	9.02522173	-9.42449095	73.42759619	-9.28772523	-28.91107995	103.13869034	39.14281087	39.13279291	16.58855799	28.95779699	-11.25672466
14.00	104.17363565	13.23523513	17.70598693	91.23422776	18.64994045	28.04475873	99.33643275	136.84920478	36.89312605	22.49090338	6.32655832	-1.13536125
14.01	100.91378858	-2.76764232	-11.96342728	119.45049971	9.24601698	34.15744805	6.67252083	105.25525191	20.14120527	-31.53641160	0.79190941	15.39428177
14.02	11.81207350	-26.64720413	8.07893984	53.97589709	-30.19943321	-34.29547144	59.03817388	107.76953665	-28.07613670	16.79882910	2.71834202	-2.95704460
14.03	30.94513572	-8.73410489	33.35704622	17.30243015	-29.88549863	1.83281407	139.27277116	100.30555121	27.59439226	15.18206092	26.66750425	-1.63681213
14.04	46.21450443	-14.69695554	33.34004992	-21.99345812	13.55391245	7.61675082	5.78061556	19.85520895	24.76877478	24.68052244	-20.06789903	1.57399371
14.05	115.45092189	15.46482075	-19.04391714	114.85278461	19.52767284	14.15623554	76.65797122	84.65161727	-26.70880018	-31.16723598	29.67631397	28.33081285
14.06	9.83438561	16.01566410	-34.48289106	7.04440628	-28.49364996	-23.58866158	64.05087285	52.34893859	-30.55829494	-9.52143151	-15.29780316	14.64286738
14.07	69.07441513	-7.54309961	14.85443128	-3.65710430	18.87150138	-16.19759794	109.03459681	125.88564244	-38.81182604	-22.54573955	-2.02279034	-26.33605046
14.08	83.96687122	-24.40107116	16.37028504	-25.53545913	16.51050917	9.37720441	50.36077318	105.88293802	20.81373760	23.57564632	3.79629859	-22.86238830
14.09	-7.99676521	-25.07662047	-24.29960415	48.23209808	-1.75772561	-19.98675914	91.33021259	105.02878267	-26.07252352	11.64267376	27.04720453	-12.27955699
14.10	100.55156948	-28.29176663	-6.38930086	-8.77554211	4.54545187	37.69988106	55.05053131	63.91309879	-13.62358131	13.86597238	-7.55169388	-11.02612797
14.11	45.78435342	-13.25954644	-3.87391695	-14.93486242	-38.08391615	38.01520081	88.95554667	75.16672670	-37.48491925	-17.09376919	31.98595231	-34.79948895
14.12	113.44438147	3.37368335	11.40115137	34.44201512	-30.30623228	16.10060926	47.47001289	22.52716303	-15.80247724	-5.43577062	-11.15149420	4.57621896
14.13	103.45367359	-37.95865963	30.64588739	30.51503502	-9.14530459	-13.03778846	49.90424675	132.31959597	-14.78805596	3.70946497	19.00842892	-12.80946730
14.14	112.11584578	2.80517185	30.39106769	106.85383560	-36.77392665	34.01763894	90.64753486	95.17384151	16.91942125	27.43516915	5.27590168	-34.59831072
14.15	-2.57730824	-21.02236170	-30.99870988	-18.27498756	-22.31048723	16.20140283	104.24664621	85.65815042	-1.86371222	38.63942681	-6.59117580	-10.70409860
14.16	95.19736005	-18.31590182	18.73661134	20.16202776	-39.39992787	23.63794696	59.32328797	23.97646602	-16.04413409	-16.85668056	6.64923401	-0.74146520
14.17	99.42290222	19.97395506	0.91105523	55.83028166	11.60838342	-6.86890521	49.25003739	115.58135841	37.63011220	32.14221884	-28.56727422	6.91202285
14.18	112.09174700	-28.85961414	18.25865353	55.78963475	-7.52916638	20.04191628	71.13139987	95.49307868	-33.05889966	-7.30831832	11.31713270	6.86050551
14.19	67.43205620	5.13707755	-31.66768506	60.37500519	0.42578585	-39.41145023	51.27128797	10.22542419	-21.58447943	-32.86984260	-16.76753394	14.82620661
14.20	25.27980942	-16.53263632	-20.66613272	75.74669131	-5.09820289	-23.54245515	25.30040262	103.05792394	38.88842144	-21.17750579	-33.68518594	27.83033397
14.21	58.03381300	12.08802831	-14.44483041	114.11809486	-6.46951537	-13.98807805	64.06404386	52.04382166	-26.99130594	18.99983399	-32.90720298	-21.51927070
14.22	-6.31768564	8.08881321	-16.50416888	-7.48104245	-29.16939141	32.86034349	23.77140603	37.57553260	9.41968640	7.96156959	19.41506129	-28.15353841
14.23	119.42792634	-28.05030516	13.06947512	-16.31275805	-39.98010700	-17.23178498	45.44785534	73.46334526	18.61105399	-2.69263107	-32.11213091	-21.31922796
14.24	78.33299840	-39.38869458	9.01733614	14.86429000	-10.42883235	6.16573118	137.28142238	3.15580310	-5.13335084	-11.56035101	-17.77032452	-29.19943089
14.25	20.93350644	19.31382742	-4.40585865	100.64207452	-17.96375606	15.85306779	10.20939731	112.27643028	-38.95369560	-6.40210293	-5.81709439	-32.40292292
14.26	107.83120744	19.45260534	-22.81536027	-11.47143067	-8.63750114	34.00679630	119.68421512	89.61891207	39.82316289	-2.87549985	-6.93444751	18.04012941
14.27	76.85863122	-25.34065201	36.42450958	48.52432740	14.14111798	-18.54976272	66.38589862	55.84966197	-7.37447956	-19.31678589	-8.83108561	22.49945531
14.28	19.96868159	-25.02958118	-11.18413469	9.73887320	10.83747901	-38.10094179	60.27630639	115.27365522	-3.78630443	-25.48251612	21.95600192	5.59623289
14.29	109.40767582	6.27314219	28.54406609	62.53355527	-15.53044153	-23.04697791	122.05960353	9.02084282	-37.28545313	7.34822430	11.47783045	-5.69097502
14.30	18.65128102	8.26339951	-27.62560090	85.22409726	10.92699589	-7.60105980	108.83159780	99.30490504	-25.33899656	-1.62295619	-21.51715878	20.05064812
14.31	17.99415352	-13.67165372	5.93845111	44.14531364	-5.13204334	-26.68627146	119.76699540	115.30741236	3.91644713	-28.31031013	18.77172923	34.39311188
14.32	-25.54129562	3.98836591	-21.90509796	80.35033255	-13.66056302	9.28759774	99.29288482	54.79363610	27.91741761	22.37936682	28.50809976	22.94989788
14.33	75.13621393	17.30340996	22.13610243	99.61560867	-30.91054398	-6.93457027	72.46373601	55.37404185	27.46057786	-6.60379441	-33.28460390	17.07157587
14.34	-13.79976346	8.26642336	15.31820576	10.72462445	-10.58852174	-36.41951804	88.41172349	67.52362455	25.71138988	29.49622499	-19.70569336	-20.35711044
14.35	-22.69916300	-13.14454473	-38.58574762	35.90566705	-39.74294677	37.01672836	47.63593947	37.81536119	-18.62281823	-11.93874566	25.63828632	2.80278206
14.36	68.41016344	11.93342246	38.16705522	57.20468346	-11.61617233	32.54394002	72.24127816	106.86893030	11.64687582	36.61062177	12.12301228	18.31220027
14.37	115.25328103	-20.62577048	4.79173188	14.36331287	7.56709953	-29.54861528	125.91363694	69.23707279	4.82890491	34.61840666	30.26194613	12.87138636
14.38	-20.37355643	-36.29380858	35.49042040	57.52170385	-19.50815231	0.28994908	94.88329660	98.48174293	-13.82252095	-3.93057012	23.14221727	-33.71091276
14.39	83.97701507	-39.58861445	32.15762013	68.89100264	17.96475958	19.34738262	93.80589636	123.44837504	19.47436152	-25.03958043	-23.21416737	18.58049593
14.40	4.29907381	7.70569406	19.74952707	112.62258116	-38.82465129	37.62060840	107.63410608	51.32879281	-3.22706063	-29.34257899	-34.45762059	-6.31785197
14.41	99.18495732	-24.88155009	21.81890830	76.29496703	14.92577753	-15.76775124	70.17032937	107.23226154	-17.43382915	4.47641127	17.63246105	28.28263599
14.42	-28.17835714	-15.63039239	23.51830611	33.28997315	-19.94207704	-14.37928587	131.76768955	55.30349353	-36.17024554	14.66437283	-22.82244762	19.13698649
14.43	-0.87761233	1.84068212	-27.63392877	-16.45874725	15.15202627	-6.17148564	105.60745761	75.14837805	-28.75375288	31.42716052	-1.12538397	24.01730927
14.44	116.27179066	-38.62631216	-13.66397145	-10.29977390	-7.92571513	34.17670004	82.94600743	124.76181085	18.30442424	20.04245254	-18.82587397	5.70593335
14.45	56.30857123	-9.11888035	19.08308026	100.46259226	9.30369667	-1.93098388	137.44919682	88.10424499	-5.81210047	34.12903927	-7.02236602	9.46122085
14.46	-10.24213222	-32.72685144	8.22938183	108.42355274	12.92739866	17.26314511	119.54235982	85.09298148	-39.83615248	22.62827269	-32.65624867	16.78993911
14.47	-29.29209643	-32.49501224	-38.18035730	104.41034294	-27.94858476	16.62489461	118.32266197	21.55565649	5.69166491	7.16966385	-4.83430955	-13.69404559
14.48	31.35483216	-5.77126281	37.51389701	2.13336320	-31.28941960	25.65820859	32.65488513	124.24826707	17.57974950	3.96502157	-31.10806399	-21.61561880
14.49	35.16396622	3.83834602	39.99335644	46.99379148	3.78084500	3.10167116	9.68179201	124.64806741	1.31470072	-32.79511598	29.86489238	15.91148916
14.50	49.92050947	-18.30594094	-30.12462419	35.78792711	-15.82933254	-39.97551215	55.83462118	93.72244194	-1.30645446	-23.82434649	-30.70494333	26.89258866
14.51	72.11968686	-27.14008565	-3.18334432	59.97436028	-38.74821727	-37.34130911	72.10324513	138.44846952	-21.65417990	-39.18742448	-7.20769815	-27.73112077
14.52	-6.90372927	-11.89795754	-29.09018353	25.91189761	-29.59442441	4.40319373	125.55276181	102.59761000	9.29433691	-24.42607782	22.35620042	-1.73146207
14.53	17.75440698	-15.41865338	-6.88417081	115.37599351	-7.28701942	37.54848640	99.97853884	64.22630032	34.50241288	-1.03164842	-15.03810941	16.92481328
14.54	-22.05214177	-10.35282733	17.66921276	35.29893545	-21.09150417	34.86871655	2.12441511	94.13482728	11.76622304	7.36009530	-18.33669140	-8.20926307
14.55	119.47557981	16.02756640	-26.74239972	98.90612370	0.67171729	31.87772474	49.34442877	12.94809880	14.52186712	-17.35468595	6.03722139	31.71244818
14.56	33.57754671	-1.76128514	33.98914818	13.35022911	-36.02924248	5.56276939	83.67399896	68.24615294	-31.83717850	30.62232479	26.64530699	1.68545403
14.57	71.77276666	-34.26371444	-29.60728154	-28.11686894	-28.53447279	-28.47060532	58.34130251	125.70311582	33.41568291	34.60039485	10.48166371	-22.93167421
14.58	12.78948211	-32.62075532	20.64749004	63.60177556	-12.37024069	-22.86075826	92.79475589	19.13804705	-18.17668872	5.02974468	-27.59535161	-24.12478327
14.59	-8.66731845	-38.11897420	27.63157333	65.06855951	-8.39290996	13.21254758	17.69571674	70.21896206	38.58248056	7.58956818	32.54759091	-27.83597290
14.60	-0.96981689	-3.66344618	0.34628448	18.99443985	10.97790882	-14.24224545	30.88576942	59.09566186	31.08789047	20.19298690	10.29853818	-22.35689882
14.61	-27.72144849	6.34660509	25.95156018	-13.86840147	-13.57742461	2.49194961	40.52098637	28.47609395	16.88879939	32.78179655	-21.59641630	12.86695447
14.62	73.24179017	-10.61015199	31.73124128	0.49412980	-32.37228007	-31.52542962	49.42760871	126.97992834	-30.45023379	28.85012480	20.02965311	7.13562108
14.63	118.45343125	-15.42578175	-13.34250176	14.06329959	-35.28456078	-31.04285183	120.89657469	113.37115661	24.68047961	-11.24395360	-12.41472181	-15.22729816
14.64	-16.25985944	13.41342145	16.01878962	61.09194076	-25.68987698	7.64515643	138.61557938	3.50461361	19.66954288	-8.31535700	-11.96592145	-29.87693952
14.65	-5.21400143	-38.23297547	6.59753997	34.85242230	-0.53557126	-37.42706476	2.80818693	67.65734637	-34.03712255	14.41827229	6.07756778	31.15152376
14.66	90.25452388	18.05338033	-20.64094401	81.98303230	-30.01054085	-3.11080973	57.88446282	20.27936654	12.60596347	-8.33622681	15.44363353	-2.73120613
14.67	65.45834449	-1.49826593	-24.29157808	59.45142581	16.78349771	1.96419952	61.59631934	68.10201220	-27.39896839	-1.35272835	33.66280104	18.19820390
14.68	112.16997168	9.54387506	37.11436645	24.05641248	-25.67734505	11.43612715	79.59571973	64.04114877	-2.75211367	15.07480406	30.57852696	3.50501784
14.69	24.70680983	6.17340529	-34.44604609	80.82843189	12.39286122	29.91381977	87.40481580	128.40480910	6.42252438	-34.82633872	-17.62869097	12.88233614
14.70	34.20935441	13.09847589	-6.25131749	115.02484397	14.95290264	-19.28994291	139.82315865	112.05307231	0.98118377	-11.72587770	31.96221194	-32.95529742
14.71	12.96037878	-33.75331830	24.06233124	51.66690383	-16.89106018	-0.49427261	26.28740514	84.31561603	38.28460176	-22.89943848	-31.06528771	-4.55595248
14.72	90.65837898	-20.79743969	26.65480044	90.00690538	18.97922498	-28.84996883	38.21104950	71.71062511	19.87334251	-31.34699098	-21.72208895	34.23247012
14.73	-1.87255277	-4.12548252	4.34146755	74.58024369	3.20173403	-30.23639522	17.16067394	6.99296537	-5.51313275	-14.84978421	-13.40357032	-8.92841163
14.74	26.97013304	-22.41893278	31.54705239	116.12126640	9.64523065	-30.11327932	61.47608963	53.39922513	20.49204593	1.65633465	-12.02034595	-7.92809491
14.75	68.90970562	-4.45638882	2.17945315	-6.53233528	-38.90382359	22.17673189	29.62895351	28.22431408	-16.42130467	31.87902112	-3.27627412	-16.00479635
14.76	107.00762071	14.06348331	-16.09778564	35.13690995	-1.78660881	-1.59806243	112.85607451	63.12849538	-38.30613365	-2.08198366	-3.03600139	-17.58731004
14.77	91.92444244	0.39171835	33.07810806	106.18015602	-35.81409234	24.71050090	49.97567919	5.63464062	-2.96325629	-39.61746888	20.22989307	16.56123168
14.78	-17.25560762	-36.29966123	3.01559943	33.23655646	-12.61274936	12.92628668	7.07148674	81.88151601	30.07762220	-17.93941405	31.82676664	25.76873543
14.79	99.61192417	-32.61303766	-16.88404267	54.81023084	2.93031030	33.90323126	94.29005969	75.29970873	-23.03162096	21.68426038	27.72818702	24.32325193
14.80	88.69884986	18.41073956	8.64164280	9.58950980	-39.38518480	3.58682253	69.03927840	85.86938021	37.58072357	-3.60795124	26.21098916	-13.38605103
14.81	40.61015512	-35.77312542	-31.05993683	14.75226404	-10.43730541	-36.72943482	60.18490343	46.09115422	38.67115192	-28.39268928	-21.62361695	2.09111403
14.82	53.06648883	10.54821297	-9.14208243	57.75784517	-8.08495290	-30.60434028	104.06178891	96.02955706	18.43027944	-4.12841962	15.82734684	28.67786609
14.83	36.48198565	19.19843193	-26.21844762	7.61046087	-39.59040788	-14.03969819	139.15870866	124.60990067	-39.68988804	1.30348202	-8.45836546	16.86387632
14.84	-21.68065075	-30.26876355	0.84961127	-18.60274108	-32.62441506	-14.67440881	125.84461485	125.79859039	-18.92885719	-1.66601085	21.04118637	-14.12591920
14.85	18.04228853	2.24367141	-10.43115149	65.64913263	15.01508689	-6.80279450	36.37746745	43.54455817	-2.51418887	6.93265461	-9.33341484	30.76481846
14.86	106.96267878	8.48148834	-14.46783567	22.88878969	9.23326775	-15.15130034	137.53310074	125.06570617	19.10785898	7.25386572	27.44561710	19.52104404
14.87	59.79574321	17.08623028	-37.90675874	24.50604719	-12.31585915	37.13475572	12.78291876	3.06453773	-26.97781879	24.68302612	-10.39250723	27.69479501
14.88	-15.27271617	10.58571904	-23.50941822	15.38589286	8.46155155	6.52318966	12.43823911	67.10811269	8.34547315	10.61751198	29.74228412	-12.75581011
14.89	52.71613594	4.92559572	-18.21471299	-20.75813590	-15.97468525	-4.58761657	7.50288879	87.08219304	-30.05312896	-6.00389713	3.97131023	22.48241903
14.90	62.76467070	6.22157039	0.45773914	29.35579437	-39.15715335	-8.43904064	130.51789431	63.47278904	-30.45035279	1.83915919	-17.86756226	-22.15961114
14.91	91.68579448	6.68681807	18.27431864	-8.56853638	-34.40491750	-1.43737958	6.44542562	103.38560949	-3.42783058	-12.92218341	0.14347175	-27.09552409
14.92	57.23786435	-34.53323652	35.53433662	65.03733217	-27.67284035	30.35976834	27.32028099	108.67806888	26.29708507	-31.10379734	28.84075716	23.68133293
14.93	0.20156947	-19.73299357	1.52939076	17.85565199	-21.72974602	-19.44205543	138.69938996	85.60319338	-38.06685155	34.78727251	-20.12973666	29.61287025
14.94	115.48926577	11.30962661	-11.81726121	96.40459002	-14.33078865	-23.99536007	135.89295857	109.71880077	-39.51566317	-7.22584897	-5.37851099	-0.87013172
14.95	14.43973338	4.27404961	-13.46314319	41.09435407	-28.31106322	24.34208120	89.28024109	95.36795934	-21.83243765	-30.47140682	-7.00476856	-2.68979980
14.96	78.80458999	17.09579557	-39.68481040	91.27640970	-7.08752489	-3.52464466	69.37180820	107.72932971	-10.03625745	-36.83155892	28.39549480	-14.50817463
14.97	73.15881703	10.47506587	13.44021945	-1.22910922	-2.72761352	-18.35759121	19.00197018	57.38053140	-25.55564616	-20.84977389	-29.58414231	13.13644920
14.98	108.49151224	-0.87776023	-1.14702027	87.65785827	-10.78466951	25.00246546	91.47345650	72.78549219	7.53283944	-13.65685812	-9.89990019	-3.58598246
14.99	84.75402639	-7.99907157	-35.76292544	-3.80101174	5.06995990	-4.25284112	23.56644704	87.90974522	12.50154317	24.59220958	-27.89499262	-26.28447410
15.00	28.15574412	-33.52967410	3.49157262	-27.94744721	5.70859836	11.75867352	65.33019731	9.32067726	-19.44801646	0.33141258	-22.45641242	-3.78217910
15.01	-22.79738649	-13.97081009	39.23518832	49.21905021	-7.14495360	22.24372794	10.17589483	109.55129236	26.49646066	-1.79266732	-6.74236298	1.77706190
15.02	68.45067103	17.71683146	-29.69142299	31.83453691	-2.91672435	-26.39922138	20.36419080	12.07895085	6.14742186	-28.02709927	18.17686670	-17.05706135
15.03	-28.21719900	-37.21484700	0.76360084	2.68743337	-6.31074395	15.36228448	25.40988883	101.11431264	-5.94673816	-12.47178041	-31.91085940	-19.58309570
15.04	-22.13956334	17.85777195	10.61354994	112.27033142	9.51089805	12.91943070	1.50099394	91.32497318	8.80819982	28.06246896	-11.94595127	-13.94584555
15.05	-26.52581403	-34.37315802	-26.52267126	56.53086956	-8.10546083	37.22128432	68.37842156	138.24507250	20.48676746	36.41055518	1.05393892	-17.23082412
15.06	55.96957239	5.93338872	-38.38946992	98.42421177	10.00511518	26.05108505	53.77342723	55.74281647	-23.32808264	37.39211004	-18.92932843	-7.44920607
15.07	88.11637672	-32.21563028	-21.53224162	-22.13362830	0.26374857	33.50609668	82.55670184	88.66622405	31.33223379	28.94766178	3.74317678	30.10694983
15.08	-19.46219113	-21.02164794	-13.72172226	-5.23347017	-29.52231760	28.57228917	126.98527463	98.84023794	-28.09973261	-7.55731912	-18.64342458	17.46085194
15.09	17.89447369	-21.62330872	-32.94736357	6.59509920	-28.72584631	-19.07099847	34.97304042	116.86216949	15.17611680	-32.52746482	-21.38859365	31.86468837
15.10	26.87692574	-18.69410341	-12.25542122	-15.86937900	-17.19070599	35.26872602	88.96058583	138.81758959	9.72922703	10.84642592	-0.34374946	31.13132695
15.11	104.91470738	11.52388832	-17.39811483	118.89236065	-33.79676052	-3.09190488	47.62798757	134.28598648	-27.41200662	-7.47654764	-13.59276794	27.54877781
15.12	66.95041187	-29.14711401	-38.62094501	31.22039583	-16.79034873	39.72992227	92.62637019	107.67638507	17.52871212	-25.37136003	-15.80550118	33.51396994
15.13	30.71264971	12.28086747	-30.13499268	-15.36147707	-21.49165580	-12.17170164	44.05486144	16.57128527	-33.22306471	19.78538737	8.35801195	-18.71390308
15.14	108.30131381	-17.49874800	-3.28383550	37.04472143	6.31779530	7.08205008	56.66293650	120.63712557	-1.90014096	-17.08689319	24.23522710	11.84667768
15.15	73.06968121	-35.70760976	31.13345827	114.83159877	-6.19748679	1.15002440	109.95492075	122.20525159	6.89323353	-24.37092217	-12.05113536	-33.46662442
15.16	70.83697033	12.68897352	-15.43185212	58.77170253	-17.95315951	16.90613294	69.72875773	134.18835357	-34.38484983	22.78046709	-30.44373111	-28.98384200
15.17	76.81399155	6.02819737	35.52767381	110.96479078	-36.96839611	22.75234653	15.28534142	109.66161358	8.45963092	35.77692180	16.65466986	32.08053177
15.18	51.27418317	-13.17119249	26.02683430	-8.70209169	-37.02855851	34.78903335	38.41661908	124.48159467	16.21220203	-29.22371364	11.33764612	30.19277840
15.19	40.12477986	-0.76453407	22.62503669	77.60242547	-16.30104633	-17.94972594	133.48225231	65.13133232	22.20200667	9.60729429	-29.04973624	-7.19190171
15.20	115.87374349	0.63500114	19.59051766	77.03466565	-29.76756928	38.92317445	0.48060768	115.25088150	1.53917402	18.66087505	8.28802484	1.48117967
15.21	55.77405226	-16.00704346	30.71404733	50.69078174	17.60177732	32.84356503	11.42618031	81.66424574	38.33552504	5.89652114	-1.54271609	29.25084853
15.22	30.92964411	-7.10220960	-39.74331853	6.99920659	0.43480262	1.79453282	4.88762410	48.84185780	-16.12413808	2.60357249	-2.33002902	-31.14280893
15.23	-15.96359542	-15.77332402	-9.19124552	33.21891216	-5.98281238	1.85134595	84.28650868	52.11391214	14.56412437	5.36185608	20.51240136	-7.93783169
15.24	-1.16109798	-11.26061113	28.22960279	47.90332639	17.67268302	-5.40671620	54.48751176	124.38408371	-3.49273322	38.37333561	10.82379343	-31.02653544
15.25	117.49343773	2.19988383	38.87949499	99.33974013	-25.82257850	-38.40512362	60.52628925	51.04722829	-28.17153718	-13.73075638	11.64503971	-11.26602549
15.26	114.25568656	-15.09685454	22.44656462	51.12193508	-13.89882153	34.68124875	101.74948080	67.13228537	-23.85185829	38.86267978	10.13405680	-11.09198416
15.27	-29.55357946	-15.75596092	-3.95954785	91.69842859	-6.50124033	-10.59773338	25.20209761	96.86370495	-2.46021315	22.75125643	-2.78006934	12.50828816
15.28	-18.33072679	6.30899800	-22.06264324	18.17196945	-20.84368721	-20.18622809	71.54371314	130.77561534	36.97694300	-7.09183664	20.94218633	16.67167543
15.29	71.83356970	-22.46497124	-22.20029595	18.52358806	-23.52842478	-38.61725257	49.50615685	32.98341691	-15.60319879	-35.36703432	10.82934865	17.30903008
15.30	2.70249244	-19.24945933	-38.08863125	69.23301624	-20.00880940	22.24945832	119.87600444	70.91029029	-30.60572548	9.10537149	18.53131073	31.79526681
15.31	69.54795279	-14.33929797	0.52181667	119.24901291	-9.80087242	-11.96034799	27.75595115	33.84739143	21.70984173	-21.11140570	-23.86516314	16.20473498
15.32	1.47329971	-26.32904849	-29.64980585	-14.36176639	-11.10935507	36.54861151	122.35889837	124.29530098	-23.60781734	32.80326686	-21.63117119	34.12228459
15.33	29.52639773	12.25931754	20.98701450	101.48656757	-11.98812347	-32.50430528	136.08137783	22.93926268	-36.76479843	-23.23635275	-19.85003635	27.64627245
15.34	18.88292924	-15.98890326	32.57625454	-17.10736159	-31.75030708	20.29480590	102.72054998	13.47547353	-12.80720350	-30.93268019	-12.67905854	30.33030441
15.35	6.97254736	-20.30087815	39.47229649	109.69684033	1.06968666	-7.22950632	50.79813380	17.77385470	13.12912191	23.00722400	21.28925378	-5.40149218
15.36	86.26716351	-36.26961612	11.77432628	35.31288965	-0.39109717	8.64421869	124.33345530	118.10461933	4.37411463	-28.78302792	0.44333378	-1.07087294
15.37	15.57207408	-26.58224340	-28.73219079	34.88922084	4.61427697	-21.55124119	15.58514237	10.20131254	-28.38580424	5.07403405	19.65730807	33.90443821
15.38	107.19827285	-3.77350445	21.47485466	34.99855295	-4.93814736	-17.50352095	90.39187373	12.41733130	10.61398991	-14.13067975	-29.46738317	27.59878402
15.39	-1.69187871	-37.10726089	25.11744651	21.53386677	16.74177551	35.19337098	8.28024439	98.97883347	5.72977624	-20.99449866	19.29201600	-0.21049375
15.40	104.24041633	18.27947884	-17.09871130	33.88482469	11.07437441	8.27542902	139.85065851	30.85647509	12.74172351	-11.17739941	-13.12865494	-14.65303676
15.41	-6.97671707	19.74292907	-13.64540835	93.68551057	-20.80029194	14.04568345	0.17302983	40.83539370	-5.63364088	6.41627295	10.56389726	-33.49399229
15.42	14.39167899	-31.52763045	17.53217008	68.31751987	-17.08730135	20.43836650	100.84614542	66.21372251	1.95597163	30.90898578	33.91439019	-0.89451163
15.43	117.55544124	-36.98090491	20.96698557	-16.97510307	-16.71849405	-7.59594866	97.83385371	123.20411928	-6.83947079	-22.39672621	4.08221576	11.51540845
15.44	-22.90230894	-14.81241164	-25.22207561	25.04457614	-25.14339699	24.40984364	0.11066160	48.16236285	-5.21397346	-28.02541755	-0.12201783	12.38182265
15.45	95.74417354	-24.05277987	-31.42610375	107.54012174	-0.67514992	-16.02708324	73.63089898	13.10412174	-14.46951196	24.76143810	-27.80983279	30.87006316
15.46	-5.44749077	-30.08178606	15.30954461	83.16758920	-0.44145467	30.77927702	84.90710388	62.89820312	36.15286768	7.32680730	-2.31606152	-8.75945059
15.47	47.86436202	-33.82653288	-16.40131656	96.09098327	-9.73595619	27.09242226	2.24460901	51.54195359	-38.05307022	-12.88700320	-19.45554768	10.94183229
15.48	113.72999699	-10.73037561	24.79348111	116.51769775	14.84672610	32.58227589	0.89572868	119.77576407	38.08551203	-8.76923148	32.38829891	-22.55274844
15.49	-12.16051565	12.60903212	-36.56112945	113.15522606	-24.14185971	33.74688589	24.18736135	73.83211889	24.55100358	13.32504992	-28.98437201	19.14708257
15.50	26.53552677	19.15845011	-17.92905746	45.82710156	-20.86919467	-36.00446092	72.52276455	23.91739979	22.47186003	-0.48592277	-10.68328158	23.30473810
15.51	46.22699466	-19.67162397	17.87087265	77.60714743	-34.90726584	-22.05652801	62.21749768	37.11529306	-18.33766718	3.45135369	7.79081111	10.37810956
15.52	67.83487704	-16.19345493	-36.38988619	3.10495271	3.12174823	35.92174630	134.46148930	53.57179411	-13.17585417	26.00510738	-8.45720410	-33.40391093
15.53	20.43571529	-0.80924912	-26.98893571	43.16704226	-36.92474116	35.68260389	90.81719323	11.25452373	-23.43378813	28.78602998	17.05663180	-6.60929340
15.54	7.31201512	-16.95430436	-5.69393704	79.66129654	-27.25957453	24.90193774	69.52223260	8.18695847	-0.55134994	27.28931834	-28.39314378	25.47521198
15.55	106.17304632	14.32660174	-27.11296964	-11.92187213	-21.90114149	-0.99184571	134.75321850	48.22203478	0.18009515	-29.52122181	-8.75486834	31.88275691
15.56	-28.78978381	7.58952763	-2.00116873	58.79465928	-16.33279359	-10.87494724	5.10721696	57.13896555	-14.63713533	27.25010774	2.24230971	-26.43504967
15.57	117.18347528	-4.54795056	3.84283789	80.07326655	1.47608873	25.81662428	20.33408382	93.99298869	5.23267364	23.51219221	-17.88757865	13.97687910
15.58	-7.60440413	-0.46164672	-36.74001126	-19.95158575	7.03791263	-36.53230952	67.99848626	71.04211282	-31.19633904	-35.88238416	6.72651133	24.97210988
15.59	4.65452503	2.76813614	-23.43841006	0.77815934	-3.25794840	-31.82107009	26.69521303	5.87985464	-29.30473983	-24.16508478	-13.01077261	-16.16802051
15.60	79.74468528	-0.34878143	-9.63054007	-12.93314033	-28.73634824	9.02221257	78.94680278	83.14972555	37.22246645	25.17569998	-16.33290885	-6.70580859
15.61	82.95917928	-18.94308010	-28.47883057	53.02431258	11.26743652	35.20807935	97.78154281	77.11502436	-22.37896281	28.13941752	-15.14887262	6.75237540
15.62	46.95286654	-7.55759438	-32.76374522	33.68168167	-8.44751160	13.26247808	33.08356666	71.20749944	26.20553186	27.86499019	13.99995664	15.49532159
15.63	-26.76787581	-22.26782448	5.42877201	38.87068476	6.87364125	4.99152930	23.91410412	81.25336476	34.70020999	26.90188803	-19.80469627	21.09108089
15.64	3.39904868	-22.97642437	12.06037709	114.03391363	-13.93151382	39.58333957	104.13028377	97.81565873	-24.52179357	-34.66726627	-17.70700573	-1.61610006
15.65	1.19795181	0.44378798	-33.36489197	51.73724622	-24.13173556	24.58057062	46.03910192	8.77906815	39.44110727	-29.20233623	23.26491933	26.27003179
15.66	103.84759360	-14.35905229	18.06302198	117.24954808	0.93578785	-36.18474106	37.77352003	63.40346825	-32.54521460	10.31054148	-2.85617143	-28.22739281
15.67	38.82520798	10.44568418	-33.53033497	-13.47630305	-22.19809321	-7.93488860	0.60531829	112.62648232	-35.25699664	12.44879301	32.11928599	10.88710095
15.68	85.11645774	-26.79616920	-33.18914151	1.23999060	-7.92488982	26.73014448	17.09926509	108.18347242	39.42657607	1.21673708	-29.66012077	-1.38422678
15.69	105.93534417	-24.34984380	11.61016069	1.79531124	5.53260670	38.52629129	110.38933141	95.25412684	-19.15261330	15.79623078	-7.20853294	-20.49310420
15.70	28.97265406	11.90205698	39.54108764	-13.77147860	-6.25188415	-6.61855398	61.31966527	3.79192443	20.46445959	23.28637176	6.58225525	13.33695329
15.71	108.58266212	-18.51565838	14.38335416	115.02230094	-30.28193755	-6.50200698	116.62053953	28.79406311	24.35190471	37.41014579	29.80590952	34.74726278
15.72	72.06216469	18.33702694	-31.15271145	85.66312669	-18.76342042	-26.87963312	77.87512826	122.47641773	-16.98378224	-6.77721410	2.61766924	2.43048583
15.73	60.72899022	-32.06319110	-3.43806243	75.72144663	-24.20055161	-39.08321387	108.49185002	98.44671257	-31.20500196	4.86827504	28.35529416	20.52893457
15.74	37.60219343	11.42901428	-19.89960933	55.34980073	14.65403504	-9.04914458	117.94154369	2.47386547	-12.98482356	24.73398713	-31.54514885	-25.62175596
15.75	36.31672461	-6.85187535	-17.66319903	-15.30982014	17.99770416	31.98569769	82.80155370	88.15120605	-15.35898848	-11.72149453	-28.77497558	19.58100465
15.76	18.59799215	-7.79921912	15.58034274	102.81198295	-17.21455278	-16.40829522	4.91393257	74.84430376	-29.00676412	24.90635591	0.52449770	-16.21340136
15.77	11.83552719	-7.99476199	-0.84672952	-22.68445541	10.24047287	-36.53661489	87.70736517	61.92994151	19.97087804	-7.70618841	-3.64546997	-26.05375132
15.78	42.77164665	-29.05445060	15.36565638	-5.54929993	19.77810441	-35.26602840	57.76466220	133.18349338	8.75748286	13.70616431	-33.30961966	-5.73629082
15.79	31.14907391	6.53284180	3.58824527	52.31894616	-27.98071715	21.99795200	108.61563992	108.08871593	-35.21554564	35.25656060	6.73080010	-13.06312122
15.80	9.34757641	-15.78536407	-23.61810264	49.68579835	-35.14929147	-25.45025459	70.70104866	4.79658973	-23.80464843	-29.31658878	17.29229793	-14.71865193
15.81	-18.94109103	-2.42462637	12.87204924	117.90930848	-3.54568558	9.34758663	97.51102098	65.35173847	-6.71993347	-2.45411118	20.03087850	8.94174442
15.82	115.99039351	-1.49846633	29.48606553	25.30178523	9.03263358	-9.12726846	17.27015217	40.96255163	19.12036924	-29.70562858	-29.48964925	12.36927375
15.83	55.90971842	12.06133771	-31.72379571	85.71849322	-10.13892104	11.89673127	90.38858299	63.88042065	20.33247513	-35.59605714	-0.11444857	9.80967437
15.84	20.39505251	15.60502012	21.73569969	-20.60723572	13.32979173	-27.45602948	72.41066369	68.59014538	-34.88677583	32.60745364	-1.68227672	-16.62286515
15.85	96.04617219	-7.76685631	23.66517677	-24.73116532	-24.19252082	-29.27703433	31.95015377	26.63924836	-3.22077234	0.52655703	-12.70029451	31.03817714
15.86	43.05715277	-27.63607533	14.72096478	109.81913674	-3.56182661	4.01416919	16.99904066	8.40427599	33.37884190	14.97403673	-32.38944985	-6.18874934
15.87	95.37700290	-8.47770549	11.17747549	102.59089788	2.53772376	24.17831614	106.02849853	82.75080201	-8.46400587	4.98446799	-20.43355235	24.73378777
15.88	-5.28500837	19.94622520	1.11751808	105.00850281	-17.50581715	-21.52593191	41.46273258	75.74010937	-1.42714429	-14.97694183	29.67338864	26.77951323
15.89	-8.16039899	-22.47316257	8.91523217	-7.46796522	9.26491119	-27.64482565	37.67564593	92.62226527	-21.87103698	4.14961228	13.98776445	-11.85069972
15.90	5.28923426	-25.81223576	-12.38831572	33.30130425	-3.52118664	-13.56632822	117.34377699	48.46429093	-27.82638182	-5.26148550	32.53622469	23.73063836
15.91	99.03411834	4.41796540	38.63275750	67.72431685	-2.42562619	-38.44484743	57.88729791	25.05179466	14.22881263	-2.06224734	-7.32579346	-19.69394984
15.92	84.69301959	13.43078281	20.34886451	67.24508432	-24.03200026	-37.70194033	55.41186728	47.97180940	2.96501700	-33.76146100	32.84515213	-27.39641008
15.93	19.20612701	-28.28102003	1.00677947	42.88439415	-1.03468539	23.58013133	66.42468104	133.33905234	7.85095902	-15.03152169	29.60307474	8.18945709
15.94	110.03031350	2.76999801	22.56904303	73.05609595	-27.93763388	31.86480157	83.86279777	37.18204673	6.75704477	30.53968963	3.21542530	-26.96596945
15.95	99.05313096	17.21081601	-35.53222168	-8.87880003	-21.12773990	39.42177096	39.70158218	41.26931757	12.96564255	-33.95193728	-18.91632971	-23.78833124
15.96	28.21207939	-6.19021714	38.92535405	37.53343091	13.28831050	27.12845966	6.99418418	12.23383324	10.99482346	-32.96666831	23.23482332	-30.12240978
15.97	59.97858486	13.08913503	-28.58909305	-24.12974942	-26.32324838	-30.98813633	116.28887860	113.28315988	-38.93766062	-11.64654124	3.78671827	-22.77382677
15.98	117.72492060	1.04917850	12.74184869	55.11687241	16.97329788	16.69914406	121.00195618	15.68711218	-39.02915698	-30.32813395	-17.58056236	9.65520220
15.99	75.94482493	0.06077802	-28.87243725	46.60463927	7.92616391	-2.99956202	9.22234353	73.01821287	22.66186715	-14.23840212	-8.60259312	26.15436764
16.00	-0.33891436	-31.88669465	-13.74950766	107.18860169	-15.20772269	37.73807143	39.54991168	116.08529796	30.06438671	11.52975938	-28.49754693	-24.02724453
16.01	59.79452543	-26.42041504	4.79277250	-18.43531579	-26.61894888	16.84688708	39.07669457	35.52525380	26.54712192	-12.28042828	4.58674254	-3.32697452
16.02	103.68766136	-25.60606263	-27.79946219	114.94152102	-35.24447113	12.32747261	31.54322984	94.92642481	-6.68505529	30.25907283	19.04778327	-13.39055342
16.03	49.84910235	-17.69173378	5.00849536	111.99276250	4.34897928	-12.10479267	104.10775995	18.67860590	-30.58126548	-35.20172519	-18.44507188	-5.10858229
16.04	40.10632469	-32.33508350	-15.24186774	96.28438600	16.00535760	12.74203500	86.88027366	118.28144776	3.94996780	20.77729804	32.72185580	-15.68444684
16.05	81.80909858	-28.31114179	37.68958726	96.33361077	-5.27499255	-30.28247743	127.14631246	31.78964415	8.44583816	19.70571051	6.29873805	18.59416246
16.06	38.10663419	9.05806968	-33.96489607	-6.86320591	-24.39158737	19.64066636	106.96309690	82.89650331	-30.96068757	17.43638755	-4.32427996	3.42783306
16.07	64.97153468	-24.23004278	30.21638519	115.13574952	-24.19339500	-25.67151470	63.53434458	42.36435163	-4.15194361	-28.71394930	-16.56099052	-33.96356199
16.08	-28.94597797	-36.47373989	-10.78310680	50.52781591	-3.23749521	-38.78553250	120.66107119	114.90266352	39.62642216	-13.91054474	-28.56144415	18.48110006
16.09	84.42164719	-29.81227165	-36.72539266	64.80102804	-17.51264653	3.58036269	43.07443578	3.84462450	-17.58779722	8.74454155	10.49567448	-33.01714730
16.10	114.15439658	-25.17540627	27.46975418	13.74136470	11.77372484	-19.61674325	28.67825699	71.38768997	-34.90381857	-5.17688775	24.00638925	13.93197794
16.11	96.78327445	-30.74883834	-31.84921255	64.21647220	2.41258787	30.83213070	33.21385260	91.94878806	28.66370950	-0.51513105	-2.86582263	24.91897126
16.12	92.50670844	-20.11171119	-38.18046025	-6.44550427	-22.09021995	24.89413459	110.36059946	108.94417095	-25.72442838	-14.75996310	-20.68687076	-3.17910992
16.13	41.03814991	-22.22761393	6.61528605	32.19270994	-36.42284721	21.23372348	0.91975957	24.27887510	25.99044615	21.00390640	-3.15620644	15.75224486
16.14	80.30392749	6.94646942	18.74019995	84.10481535	-17.90512699	30.80133959	53.03043791	26.03215982	-28.51103697	32.92589099	-2.32119983	13.93912616
16.15	43.37386552	-15.29269614	27.12205168	71.79883542	1.10385203	32.89636717	95.16377088	63.78312527	-2.49362994	10.64312158	-23.36912127	-21.69507612
16.16	-12.96863280	5.46937517	-16.19471875	113.65556377	8.47208899	24.98898470	109.43281967	107.09164830	-38.43853776	1.85751094	-17.80036434	3.56209383
16.17	-24.96970666	2.92918351	-5.57147196	-6.28078592	-4.35814520	-29.52461108	63.99796945	54.53704416	37.30997916	-15.27301556	-19.84631061	22.19127405
16.18	22.22939654	-19.80028925	9.18590991	16.42259769	6.48370251	34.08233629	21.74144273	14.70341336	-34.93412368	35.15526281	25.87035728	-26.00660491
16.19	95.49456866	-25.03315320	-10.80250142	90.65273984	10.87294313	-37.97937407	138.92452187	47.02575915	31.14533304	-10.12996892	19.73829736	-19.01345769
16.20	40.52475079	17.92199330	35.16944173	11.28785491	-29.44288145	-34.87170852	59.45745350	41.32289113	29.92314039	24.91421566	-6.95981180	9.37671298
16.21	-13.34644716	-0.50141978	6.06657396	57.42424540	-5.88976194	9.27749142	93.05954639	37.62358131	-39.16478056	-36.40959084	34.86152010	21.40858292
16.22	-24.96670509	-33.79561479	-15.19361441	112.32171823	16.27103888	-27.66000411	122.62658270	96.88276254	-6.46418237	-20.58144662	34.07294090	-0.33479789
16.23	49.17876674	6.08222126	13.65284490	10.82967602	-0.04448721	-12.61372940	11.35578246	77.23637650	2.25509793	3.20058855	-28.61659562	26.84972659
16.24	7.26137204	-38.21156827	17.69378081	22.90455239	-9.23971062	13.58360835	104.88880272	109.78649893	28.35822488	-38.18177181	-7.87338283	34.89149159
16.25	65.80773287	-2.94880159	38.20420886	16.31757027	-20.32055575	-39.88310039	124.09449896	45.05466773	5.29144584	17.36006931	-5.69167553	-3.81657275
16.26	14.35930806	12.24532238	-9.33753969	-18.03726364	-25.79734657	-5.41078991	24.46738434	70.84501440	14.06060328	22.57674325	-28.77579727	-6.18347198
16.27	36.53906256	-36.89591078	28.48306036	61.02467395	2.14981828	0.00138857	85.30714802	98.26404923	-29.35817683	-25.70816238	-12.42792159	-18.42884992
16.28	-8.79143129	-6.46388655	7.30091842	66.67105069	-12.55146942	-25.69567291	119.16291074	7.12213121	-25.42540853	-0.35676698	-21.12505785	-12.20430416
16.29	30.87323163	-36.28253696	0.29361200	65.91543645	11.56288316	-0.80430461	86.31361521	92.12998034	25.20011223	-19.97068623	-31.38393622	10.67252925
16.30	55.29430912	9.42341027	6.94117008	40.28819374	-23.72884019	-11.03941192	32.53041830	104.08587011	-36.89617499	-34.64108046	4.28899530	34.35094172
16.31	49.57068943	6.43653971	34.45241255	24.52355700	-32.93357086	27.79265640	139.12617010	42.16002100	37.61735687	-0.60832797	-2.28693056	-11.08149013
16.32	-14.67404610	-31.04508352	20.57153220	-6.92985973	9.48594699	7.19411927	4.79331866	6.44674909	31.92511921	-4.27759827	16.62199191	-6.87778554
16.33	99.00607913	-20.31655014	33.85130897	56.56451683	-38.59722274	-25.16731999	42.09701129	6.23726897	-9.42812887	38.36953826	9.66018643	6.66007025
16.34	77.08179052	-23.63964532	13.02446464	-24.19519698	4.70065792	-9.44424370	131.83933588	135.64666869	-31.21143224	1.82711862	-23.25171988	20.85951763
16.35	-7.67530358	-10.47015695	33.23953754	67.94120114	0.51003732	-4.14251897	8.73907802	45.56630012	-34.47730603	-8.38236442	0.96321108	-0.57788346
16.36	-13.46210233	-8.11024338	-31.47376687	53.09330641	-15.65632610	9.36042518	45.36764122	68.93060709	14.14367195	29.77897283	-18.88259759	-32.94441285
16.37	-3.99536906	-23.39597351	-33.35659867	-25.11675492	8.65700746	23.66686672	34.18944236	3.66738783	16.51406270	13.39890881	33.64081369	-23.48951874
16.38	31.53647894	2.61772955	-2.63001767	-4.67315953	2.83112846	-9.91863111	31.20289117	15.16203066	-24.43284848	36.79944672	2.80006054	-25.69687481
16.39	6.72474273	-28.35996980	-20.62162576	90.16340412	-29.18239818	36.82600756	113.58197033	62.26493854	3.75747023	35.73476251	-33.69093894	-16.86237592
16.40	4.29766024	-36.97908632	-13.03011174	-7.92881912	-28.68698451	-19.59258907	59.22676070	70.31104423	-18.61903044	-33.89401559	-3.92059594	-13.58187055
16.41	64.14722287	8.46269496	-7.93567782	-18.26185153	4.42614483	-21.07809895	92.16354941	38.01320078	28.25441983	17.26047193	-26.56176851	-33.08285719
16.42	-12.08863042	-30.36889730	-23.53279973	3.32264098	4.65298230	-38.71787010	51.68830039	55.82410312	-38.77794453	19.96827928	16.15179784	33.49375536
16.43	1.95152317	17.22695869	28.44156433	6.13568902	-6.35561322	-11.23062126	78.15456725	5.05071231	36.96123683	-39.33341253	-29.13477984	31.15831255
16.44	107.16740954	0.79521360	2.49789875	114.49790644	-1.05092025	-22.88633264	134.22380308	99.87766935	-21.79402324	-20.76858663	-27.36348543	17.73286549
16.45	-12.34529463	-18.87151406	-8.15690360	35.55250673	-22.15071656	-1.81988336	129.14443240	60.33315809	36.54018019	-5.90229918	20.11926024	-15.40268427
16.46	3.41600939	-24.98419399	-0.48863755	9.45274638	-23.29976549	-39.49029133	50.87161271	54.08985707	-12.38720479	-31.29073119	33.33085687	-5.64793745
16.47	106.27429149	-14.12372221	-39.45411335	84.20908303	10.02943630	37.57590425	54.65462020	31.45188284	-38.58263234	-30.04378494	-0.04650528	-9.65638845
16.48	87.15950399	-28.55244244	-23.18851725	39.14626721	-13.01520021	32.25877279	81.98825681	119.20894968	-34.86129262	5.41060999	1.66226312	29.03038760
16.49	37.24028566	-21.04156720	35.38916847	53.60505652	-16.06080912	14.66289488	130.80772084	8.83193320	27.86175670	-3.07770034	-17.93260984	-17.10910939
16.50	115.43210533	-28.50866165	-21.53445548	66.83776205	-10.70357413	-13.96640757	38.49855326	44.07234990	-39.87473842	7.40826774	26.25078151	-11.91083464
16.51	19.03923591	-38.81796664	-37.52204761	-15.87161564	15.91317086	-0.57207189	69.87291252	129.77121335	-8.12422514	-25.70012399	-14.93469918	16.56283158
16.52	59.05571347	-11.36756024	13.34822600	90.21780622	-7.87278326	-14.38707708	66.18162844	89.45956677	21.06041823	-22.38936560	18.37490063	1.88286197
16.53	0.50510033	4.64719766	25.88037214	112.08502636	10.08196442	-18.45714162	11.34772062	15.12064168	-28.06106824	-11.80602591	-12.93530441	-14.67309254
16.54	38.88434743	8.78235527	-5.89538117	-9.03704416	-35.52771171	-18.19606288	25.66357657	27.10361256	13.76085680	-8.28753673	33.89482015	18.03222997
16.55	6.79554261	-22.85048197	15.91406632	76.10654660	-21.71215891	-29.60116106	1.40411281	122.68355857	-18.41697021	30.64189140	31.83274168	5.98293365
16.56	78.11427436	9.83513072	18.88021767	115.74091004	-35.82265469	20.07234314	128.50747543	30.20000012	35.65770979	18.23267038	-21.94650128	-2.60158907
16.57	-2.36965033	3.55523166	-17.95145111	68.27903151	-4.12370004	39.80048554	31.02575932	112.49606345	31.22038242	5.79512310	17.85113605	-7.02633637
16.58	102.90013375	2.38473254	16.65062792	46.84080810	-15.49834334	-8.19756175	14.67075484	17.74606077	-3.56081267	-6.02938115	-27.91776840	-9.73924332
16.59	104.54094630	-12.01791721	-36.08704676	7.96504091	-21.55628803	24.31639056	48.10265673	33.31407448	36.81724414	15.88262577	21.27153330	-23.54275085
16.60	85.28405942	-8.21216284	25.99527076	118.97568945	-12.50664666	32.80333641	27.58940276	99.20181291	27.34792653	-3.77340327	-26.85347173	-26.09071516
16.61	102.88972168	-32.32472679	13.09603396	103.26660603	-28.29133750	37.15292969	50.40098747	85.74598462	-20.05092650	-11.35153087	4.30543867	-20.10045591
16.62	15.35755925	11.42170258	-24.41984843	87.31333811	12.92497116	13.77536676	47.04306901	73.00510303	-4.17096313	-23.96182164	4.02749788	13.78906594
16.63	-22.23151732	-0.65707059	-13.41315563	-15.23441665	-3.18942247	12.57449759	36.46601202	109.60420359	33.59932071	-36.21875120	9.78046509	-20.43844684
16.64	106.24712888	-17.82625113	-37.60485135	-0.44818000	2.74085921	-4.60921633	12.18885043	14.79163945	-7.75169957	-39.61219301	1.38023119	9.83767435
16.65	56.53058205	-16.15220479	-38.95809735	40.94672462	7.33798186	-27.03644517	9.70404102	20.80617070	24.99320616	-10.08417100	4.48991430	19.64941455
16.66	-23.40818546	-14.50692059	-5.84077679	-3.40048580	6.52798340	20.29564383	44.07314981	86.18550814	-7.71588987	-22.65216069	33.64986399	10.48487688
16.67	86.39075234	-14.91354412	31.40851009	61.37485747	-6.80462117	-36.46314740	24.83906458	112.65830987	5.77939703	4.24512865	8.47554085	10.32981530
16.68	18.22725732	-29.70441656	-6.41564274	-6.82563789	12.25131704	2.12542191	38.97271723	15.36292628	26.10706781	0.98345888	-29.22250869	9.33553651
16.69	112.80110934	-26.23900073	-0.36202408	69.34765024	14.84711865	-30.59161774	96.05972342	25.50676843	36.01508061	-3.53842031	-1.72902899	27.85315348
16.70	117.69224650	-30.14280190	11.59406736	4.55622373	-13.09929471	-14.24653971	7.94326652	81.15147644	-36.26985319	3.60987831	-6.09466340	-3.46442840
16.71	60.39614497	3.39086060	6.72932613	-18.48195397	0.55196177	-25.77710780	76.78302647	132.85611911	13.71945927	-11.45250099	10.89098255	-22.88300608
16.72	106.17571418	-37.28830470	-32.17899091	39.29755909	-31.30520101	3.59345165	135.28087226	101.68550786	3.36847326	36.43010326	-2.55519455	11.77808604
16.73	23.55647331	-14.08079274	7.25666799	92.27948274	-27.15016616	8.82614513	85.42110966	135.87963951	39.33902607	7.28702038	1.35374067	-7.80926156
16.74	11.19802342	-37.40851129	-16.71608661	77.92090438	-32.10731414	36.47632475	25.08337128	111.10402948	17.22554675	38.08481033	-10.54103429	28.81476579
16.75	79.52580350	-31.31384671	-37.30013930	70.34495689	-10.55378171	-33.16050783	85.20879179	85.36645326	-38.94114742	5.29249879	24.95280262	-13.05667611
16.76	53.82820628	-15.78250520	-37.69156072	2.26343592	-12.07340336	-10.68961346	95.90580646	26.87623485	-23.16544616	29.90800412	26.67414116	-3.00845592
16.77	-26.29541747	-25.63344659	-9.80415887	70.14517860	-4.97132137	-31.10042228	95.02097856	91.07423795	11.95938800	-11.90271948	3.66197200	13.41628832
16.78	22.30934721	-28.75876564	26.84666852	-27.14912159	-18.16579897	37.37939757	25.03413817	88.90741204	-7.76055426	15.50808903	-20.85151455	14.87826064
16.79	-28.70456863	-12.74154541	-37.87129906	111.15007756	-15.68046588	-8.43621039	100.03817565	8.56884635	-16.80348972	-31.91134154	-6.27203059	-10.78930012
16.80	16.35766248	-18.50069453	38.30084946	103.62857057	-18.51303194	-38.01404378	113.27210354	44.22558352	31.43229926	-37.18055155	-26.57065591	-14.00862970
16.81	40.15343666	-28.32240146	-14.89888424	-10.74643372	-26.22832913	-13.18942709	21.00170708	0.35387784	-28.53610691	-24.63984121	-4.86151879	-3.07376940
16.82	24.29274892	-23.23320484	-21.76343338	106.82001361	-22.74702149	-3.60668595	67.50403998	9.60444666	5.02622766	34.72935395	-4.67962473	-2.09040153
16.83	48.62151657	-31.47700374	1.48452860	0.40045396	-39.08918266	-16.13973051	86.31095009	116.67249536	26.12680504	25.31408411	32.28156314	-27.18706020
16.84	-25.57868420	-4.20352962	-33.89186111	47.52358008	-27.34187550	-35.39613326	41.14197001	39.14660381	-16.82754065	27.42877806	-4.75109178	0.07502405
16.85	112.33726980	-13.70199607	-29.04383316	-9.49260265	-4.53898749	32.21798785	16.35185490	107.19515320	4.42978700	15.44341961	8.90336109	-25.10874913
16.86	1.66651781	-7.77599384	18.24042521	76.94779006	0.63002764	27.75274612	35.23637993	67.57422521	27.94497470	34.96366176	16.64538626	-27.36576637
16.87	-17.38148035	-5.60606186	7.76247043	85.66066568	-39.51797793	-17.03522624	95.98122063	85.50229303	-24.55048391	-32.94559743	23.32610709	26.22313178
16.88	60.90872229	12.02857209	-8.04051425	75.14963818	15.22269010	-33.76325966	56.81412006	71.97227137	1.14761650	9.76825808	13.80154279	29.84661038
16.89	70.65706112	-19.13603103	7.19537223	-6.78300834	-29.92340702	-2.21514844	32.05906726	135.81870750	7.03825861	16.18968114	-30.06658044	-8.68186417
16.90	18.13173767	-6.43620680	-15.15490482	29.03529305	-0.32777468	-7.64709435	73.79947921	39.11410433	-11.59762004	4.53121949	0.76779245	-31.13346697
16.91	107.31831901	-22.08635805	8.32979104	84.68922347	-22.46249713	-6.06943658	119.57743843	68.93398242	-13.42436514	-4.38374401	-13.64273452	7.63448565
16.92	-6.82080041	-22.41125118	6.18079259	25.89879039	10.27690436	0.91282626	90.06247689	52.58789825	7.74564703	29.35457206	-7.24774857	-6.32525754
16.93	-4.19951952	-15.95285624	12.81414979	-12.58742922	-22.42400822	-1.55017151	57.44264081	118.62683375	-31.18471782	35.06540719	2.42096394	-1.33243003
16.94	96.54509236	-18.84148579	-35.84449295	50.98155543	-35.25426475	2.65120735	32.47901300	93.47390984	19.30620488	25.97782423	27.25479393	-5.69316216
16.95	37.37004900	1.26393919	16.07070644	62.78044774	-8.47014830	39.76948587	3.32701210	52.73608800	-1.06731732	-3.25978101	3.79540073	19.19494562
16.96	53.96744390	-14.61172549	0.85828455	108.17910946	-21.51587763	2.47277898	124.20290782	19.41474013	-5.31099460	22.41453134	16.54761150	-15.94664950
16.97	85.16842954	-36.99784205	34.14255788	-4.95634152	-36.22993364	-17.66066927	27.31950699	27.37804079	-9.17519761	7.38247674	-29.67697725	-28.02127579
16.98	41.32765672	-39.98509188	27.44763361	117.18442164	7.70499170	12.67656631	74.03130315	132.41330439	37.52752643	-19.25497502	-18.55305772	-34.30180401
16.99	103.56860085	-14.58388617	-0.70902471	-19.30629041	5.23082340	-15.08274525	132.57974651	48.71641489	-11.88840459	2.66597466	25.93105095	-13.04947291
17.00	3.58531259	-15.40832307	10.74489190	54.73449529	-18.55278819	-37.27821284	69.02780333	22.73701891	32.17743528	25.39781840	-19.76405515	-28.36750334
17.01	43.43177554	-4.23706432	-2.61643620	61.14126789	-28.95958795	-33.36576192	96.96130115	130.86560816	35.41506846	8.68791289	-32.18499625	-15.48636087
17.02	-4.51409921	-19.55381100	8.51412432	22.99073058	-13.78676089	38.77550357	5.93742595	22.03232971	-32.64791615	34.88917105	28.06425841	12.17596038
17.03	5.68935002	12.24446587	-15.72344917	77.72666670	6.17309609	34.89892794	93.11422208	68.54982679	8.02338666	-33.15481792	-9.54821160	-8.75810692
17.04	62.00831136	-3.29700574	0.14530830	7.84303556	-33.58251447	-35.64975563	45.77189393	5.61430015	17.45323133	27.99845244	9.57712495	25.64103671
17.05	60.29976582	3.75704198	-37.60539247	115.99750550	-18.82800718	13.99034396	118.28051997	5.74906391	-2.07204491	17.80589787	17.54745625	24.78700239
17.06	27.19618324	-30.97617098	4.65862983	-16.09715104	9.26298725	-20.91184478	28.47323588	60.44941606	0.92025828	33.73957247	-10.35149240	-32.00840047
17.07	-28.62718795	-25.68129599	-2.21207187	23.20021620	0.78283328	-18.96711178	17.38041372	122.60173766	24.52522765	6.96372025	5.84441698	0.15744770
17.08	37.24839129	-15.69080568	-21.11761299	-11.30455670	-34.96629427	34.46115778	56.59631363	109.95233812	-17.25888302	-15.84608133	34.73503118	-21.03753399
17.09	10.45820606	-3.32495868	26.29043324	36.08902849	12.69477852	-25.89231854	60.22432177	118.47362486	21.57986659	-10.38737563	4.46361772	31.22517269
17.10	119.29196304	-29.34706851	25.73134450	111.58786057	8.11032969	22.62264723	82.92924534	60.62203915	12.36900767	-18.96906326	7.70928283	-27.95487887
17.11	56.76907252	6.88857048	-1.23619513	113.76390964	-34.13866692	-19.20475463	106.27082245	26.18053045	-4.15283258	30.13035208	28.13467544	7.71911623
17.12	102.85185184	-20.42120069	38.19766772	6.72483622	-22.81071879	-19.92392308	110.50063507	123.44506871	-26.54661120	29.74591570	-10.16470183	5.95598192
17.13	73.68784796	5.03754499	-2.98251195	-9.86550525	-15.60900668	-15.95224743	99.30052542	100.53099702	-37.74198183	-28.63845520	24.39847071	8.78294906
17.14	-16.28632018	-0.16947943	-1.08723144	19.15352424	8.83872953	-7.24610959	48.52110877	71.64975853	-31.48823369	3.22128373	33.74048260	0.41261589
17.15	43.60436015	-34.61951305	15.90919200	3.78219151	-7.50276267	33.70642110	66.31560347	16.17859950	3.51941426	-24.85287125	1.35356106	-2.14843046
17.16	112.45597235	0.41082737	12.79535302	-29.16028571	-14.34308023	9.02521065	18.10467114	88.22076001	20.95122759	20.28605796	15.82053858	3.73151621
17.17	49.70462042	7.91259033	-15.28042284	2.74683896	-7.55312108	-27.53924648	112.10180619	4.31561056	26.86596308	33.57254775	20.27692967	14.41894132
17.18	-8.79218336	19.81743793	35.20583362	14.87025667	-22.42450371	8.45790935	15.21741408	11.09242475	-4.10780698	35.11777940	7.44861020	13.45757896
17.19	84.37190136	-19.65975750	32.38138471	112.51619591	-37.92091728	-0.82201627	67.68687037	91.25694210	-35.54458563	-13.56103784	-32.56356131	23.63725355
17.20	86.70110904	-37.84774142	-34.90634937	48.81254582	-30.52178606	28.36339409	119.75767086	103.64857344	-3.76347551	31.44267844	-19.69060367	23.19243106
17.21	80.18052605	-18.49059940	-27.71109767	85.68553406	15.07967634	39.45091806	98.01203305	86.81294160	-30.29663568	-2.25485561	-15.46424692	-28.53512338
17.22	69.10758915	-4.89159757	15.19610777	-12.73536701	-5.51299225	25.65304672	124.44712331	78.48960403	-19.25592869	37.91173496	16.34533063	-7.04368296
17.23	97.63306244	-7.54760095	-0.45497133	75.63131517	-13.01953839	-38.01694797	51.27448785	139.57173981	-37.16907167	-5.74074900	-29.21411767	11.61406989
17.24	34.54781252	-38.12342544	-28.97084664	-25.93548585	-6.09603305	29.93497795	76.93102367	84.51020103	-19.80557629	2.64912338	33.72579400	2.02773126
17.25	21.04905638	-38.12969199	-8.73479926	35.93146071	-7.79919294	6.23862698	13.06488157	122.01570561	5.63865466	25.81580860	21.86316007	-9.76734663
17.26	104.34173965	-13.64056839	-7.92802793	32.76508248	0.96330139	9.49561428	77.29249545	102.34928220	-34.82009852	32.78569965	-33.58868121	-28.36267517
17.27	-17.13658613	12.66516855	6.25205346	110.16189911	-1.87250165	27.57470856	67.30487367	132.01740015	-13.27364040	28.19141713	-33.27211167	-4.75179268
17.28	115.36678006	-35.71643596	22.09260758	100.69620325	-25.46429009	-23.68013992	89.42050655	95.93002149	8.19690560	-21.77552527	-19.08008945	2.30185690
17.29	-3.23907285	9.77535350	-11.31774944	40.76628729	-38.06593145	6.70861728	118.51668301	69.02995902	-36.96981241	-2.16557457	3.21596564	-33.61422034
17.30	20.14733235	-7.83202412	13.38373617	54.24615597	-21.90419615	2.89854151	87.24331754	40.49200411	-3.84766293	9.96146067	2.29414498	27.62449254
17.31	90.27907023	12.96436540	13.13068312	-8.36897858	-13.08660009	26.12273350	16.57649879	129.40798543	19.72136601	-29.15988573	-34.25223108	34.00168773
17.32	-11.26256618	-18.61676583	2.85399331	117.49397862	14.84439464	-7.73058964	19.96227090	7.65487973	32.36860213	25.09261441	-26.68873227	5.17329736
17.33	25.93353828	8.96026164	7.50016833	10.54791233	-18.35143782	27.39595877	66.46245664	118.50132709	25.95778470	-24.67804783	-29.03349436	13.94044303
17.34	67.32298977	-6.58634121	-27.18215161	38.89578365	-31.73464146	-26.20072064	112.40657082	123.59070023	2.89406668	35.90788592	2.24674569	-13.21956029
17.35	19.58818161	-30.60925108	-1.94570465	72.03131813	15.64985996	17.96531115	74.42881387	48.28682582	5.90007415	-20.31917309	-21.63913012	29.81935805
17.36	96.74680428	-27.93510493	-5.43624124	0.05872053	-31.62349910	-36.56971751	130.55583898	20.15253136	24.06212360	32.13750406	21.46671288	-9.17424431
17.37	14.16045900	18.22204263	5.22552639	-3.01906189	16.85058074	-26.45528333	26.84519937	127.97130448	20.98650133	14.37157269	-32.64027543	0.55741686
17.38	58.47422254	-21.74062570	2.36964120	22.87518136	-22.40097866	27.55671452	40.71712307	131.38198434	39.19262505	1.31067730	15.73441613	16.91562538
17.39	22.89387145	-37.39542734	-39.77705931	51.96834350	-15.48595083	23.28443456	36.38360889	42.32287815	-6.45361398	-36.63798885	-27.96236923	-29.59099517
17.40	-13.55068459	-13.53614728	1.04742075	97.12884605	-38.47324397	-11.08001108	129.83215096	15.64606128	-3.77987557	17.89910476	-24.11387781	27.16137605
17.41	11.76413446	-5.03151104	-1.12882629	75.23473030	-39.50631629	25.73880078	110.65492010	65.57508057	-31.36056113	14.34312361	-1.38371763	-15.00271678
17.42	92.42422061	1.47011892	-19.59343078	30.99405602	-23.24314811	9.01004378	118.69468676	4.50545487	14.96833231	35.30247755	31.78753813	14.90533427
17.43	17.54143776	-39.96478988	-5.39985545	10.05113778	-27.20448956	-3.23091414	44.71389440	100.15453793	-17.87292069	-12.00276499	-8.42613766	25.74616696
17.44	21.79619635	-28.63908778	-32.72067340	59.04936746	2.55888916	9.47284426	12.53914755	14.49006333	15.08950291	26.12407870	11.36807915	-14.27780834
17.45	103.28463498	-39.64211099	29.82702046	-26.65955273	0.76821294	-25.81306502	115.83438853	87.91467095	-29.75636155	-8.59806692	26.86499003	15.81163631
17.46	107.36339705	-27.46266388	30.19553020	37.09446815	4.98049392	-23.05469207	22.38277479	67.55321405	-8.69893295	33.55708980	25.53442186	-31.96280812
17.47	56.10584459	-1.71817680	33.59048252	59.14145606	-8.36930787	9.99498017	60.45535381	125.29985402	34.07933052	-33.17633354	3.20823805	-0.42121216
17.48	-13.43999736	-21.67305134	22.94854233	7.03160627	4.53775451	8.15551476	101.42788514	107.23590471	-16.97114376	-3.03172214	-31.43822455	-7.07871114
17.49	8.88158930	-28.33408755	29.48403997	-27.50483710	18.57557183	36.04862284	62.01667206	105.07094675	-28.11312584	10.31849354	-19.59489527	-17.68669061
17.50	88.72580599	5.75267136	10.54595013	14.98321912	-30.93207433	-10.45392135	4.98911019	76.30674706	34.29544457	-28.55626953	-34.66536769	-21.34158239
17.51	26.88448951	-7.99740010	19.25835828	-26.50928959	2.97980824	-37.83520683	105.02740214	74.81213824	-9.80923458	15.89262780	29.61847827	17.37863996
17.52	109.23167639	-1.73402310	-3.09165010	79.55329968	-14.94681524	-22.97351531	28.88722463	112.71100080	29.45944421	-38.28239106	-10.53743358	-13.84426708
17.53	26.87734162	8.20845222	11.09767813	100.72279561	-30.26596078	-21.40987009	89.56155405	103.37442895	17.45272740	9.10419327	-28.16759367	-27.86368929
17.54	118.05496075	-25.74155013	-34.89580851	58.89185519	6.54363062	-12.38120638	30.96146606	49.99768952	-30.25580793	-39.77017201	18.91667952	7.72236432
17.55	68.33395750	-36.45945146	5.69177145	-9.97691542	18.00806671	-38.03319777	67.55120772	47.80444570	-2.97736410	-19.20630185	-23.78276126	-12.64196138
17.56	11.81322401	-0.18871899	-13.02228105	72.00317360	-28.64550362	-15.86906737	69.94816012	41.99229277	36.87391081	-9.73959492	0.98919128	-26.91947230
17.57	52.07921323	7.75393934	-33.88292847	22.95747389	14.14303278	26.94394583	22.60282752	74.19874375	10.54073804	33.16391193	-6.70895655	3.80830380
17.58	90.05007730	-8.93806532	-4.64033270	62.05556757	8.44544267	-26.71765555	32.68004383	33.19858575	-1.36970252	36.69102020	33.88667156	-32.01254825
17.59	7.22822788	8.52660572	23.29198774	46.67193467	15.88260968	27.16804756	124.77295646	95.16120196	17.85136654	-32.54587197	-31.28008159	30.79193071
17.60	14.28499118	-18.32138653	27.20464302	12.60840689	-8.27034991	35.08471264	18.57273369	50.13080791	-20.74422242	33.42155237	-16.50739583	30.80942146
17.61	32.46226943	2.90946167	-30.24639562	36.10547749	1.98239631	-20.59608859	22.30060903	118.20496961	-11.86754632	-18.68263546	3.00044276	-21.57765800
17.62	24.43022206	-8.38400755	-34.59880665	37.17518619	11.57358752	27.78092145	67.45086571	49.77652046	-36.03929220	-23.21920487	2.02877377	29.07557620
17.63	110.92118201	-20.35324422	-8.97026901	63.49124590	-1.84494495	19.34244405	39.55432182	3.97530374	-7.07028679	36.22684038	-2.32652071	-14.65849578
17.64	67.07489046	0.22880564	-9.02657912	42.98672148	-4.26234648	6.96150067	71.28570652	7.56437149	-33.09815338	-6.63054401	8.15529706	18.11489353
17.65	58.47765568	-32.64064554	28.26829919	73.00163805	-31.93971211	25.96037550	129.33548669	38.85560542	-30.35056878	23.77911097	-13.14527770	28.93082129
17.66	112.01165801	-10.18670480	6.99477225	96.64913210	-6.57538080	-8.23908586	109.82373725	64.96943563	-23.28208331	8.24994368	-6.24068090	-7.00308145
17.67	30.29421902	1.60239351	23.16315247	88.29348534	9.46330496	31.26651897	13.00554307	77.58687389	30.33241609	13.10984163	29.22613100	4.60889625
17.68	72.92988252	2.98524991	-27.10893134	-19.12431968	-35.80445940	-20.38806512	121.80507409	22.44114081	31.23031879	-36.82298817	5.96463111	-24.36216541
17.69	-4.71749283	-32.77952480	-35.83200466	93.84810404	-39.17868126	-27.17270708	31.10371469	63.13378677	-5.75740392	-39.86276558	22.58418157	-2.04279977
17.70	95.08157989	4.60369072	36.20268268	11.78222553	3.95782667	-39.27474033	54.70482835	43.57633184	36.97959342	-9.68119445	28.59355380	-0.43650702
17.71	19.22191377	-33.48056008	-38.29845316	7.52524390	-23.05093150	34.47570022	89.38692586	63.18657120	15.37064271	20.34455044	9.31024735	24.38661402
17.72	41.71578921	7.84443157	15.48673763	115.95852637	17.61566679	16.11079280	103.31624777	76.16101823	-10.78985055	-4.98633037	-9.27920658	-15.48017607
17.73	-25.88143752	-0.35582428	-7.09174017	101.90295745	-11.95345521	15.24289798	91.77085880	129.69544917	0.19427393	8.70075626	-28.51676295	-22.11521928
17.74	-7.96851846	-25.67401249	-6.15455909	69.86282416	-7.68138884	25.29566467	57.27215642	124.74809599	-20.89651570	2.94843140	18.06052522	5.10968617
17.75	92.15527526	-5.82721162	36.57033100	118.73006305	-6.51583705	-16.64408999	113.62669579	45.49401592	-1.06368630	28.16594504	7.52628181	3.00025729
17.76	71.36691864	15.18218543	13.97021797	83.50546127	-0.37523114	23.69671445	97.99675755	39.60253426	25.11802563	-8.05331799	28.76909582	-17.04890845
17.77	-29.26099675	-37.00082254	24.82134321	118.33053025	-11.40932015	25.65272714	33.87359667	20.33765991	22.58535238	-27.46018238	32.42392437	4.01360432
17.78	84.26293562	2.72815061	-15.61668472	-27.15658833	-5.18616366	9.24219682	130.62520555	108.58992737	11.13516496	29.25061632	9.11626622	-16.93790143
17.79	64.02176730	0.64608934	-38.79525678	29.60848189	-4.74137706	35.99576164	87.02604010	130.23031463	-27.24395891	21.44636333	-26.03567031	-4.31137363
17.80	112.19796770	-2.53943136	-14.55567313	13.60782604	-7.11233171	11.24053360	121.07417240	100.57904614	-36.42949795	-6.06549742	25.58209501	-19.14295598
17.81	109.56686796	-2.24569116	25.19004866	98.70067688	-23.68038542	31.20425703	91.01818106	12.86321020	26.19622538	36.45641486	9.91540738	13.32702134
17.82	33.26758175	-21.01002603	-20.07442414	113.47207069	8.42130528	9.73553180	68.26107070	74.54042824	17.11404091	-6.76163892	34.76881585	-19.49433948
17.83	-13.32890346	-38.65863663	-22.66974626	20.36367833	-39.02816417	36.27115692	65.93501404	117.89699300	-2.27761379	-1.95702412	6.66936267	-4.89562475
17.84	32.92810056	-16.88642112	-11.90895700	71.21329024	1.50557760	11.22354890	96.13619300	115.41358870	-21.94936226	-4.49089407	31.93363078	-5.02843255
17.85	29.52252097	11.61968363	-6.40595770	93.78525941	-31.81013423	38.76501916	7.10996613	32.17659596	12.79133478	-13.07931700	-28.32414716	2.18510463
17.86	45.00331901	-8.69671120	23.94237180	16.83113268	8.89909913	-2.28000190	97.64023623	117.85296155	21.08251946	36.19004411	-29.49066812	22.84773754
17.87	7.39096313	-23.61405091	-27.83928591	8.81590544	14.27672099	-27.82609671	96.73745707	39.87242168	-8.64158564	3.81625361	4.66173037	-20.71399960
17.88	18.93467144	-26.14256482	-3.97844302	101.08320354	-19.23563792	26.83535838	78.17179582	124.48600803	-14.24125649	24.10755553	-22.59911052	-2.67983484
17.89	-20.39598290	-8.62579071	11.49989877	70.81810425	-0.66880977	19.39778450	87.09845907	128.48589906	37.43220411	-38.03996748	-4.10071392	21.63681252
17.90	82.86130929	8.83398497	-19.92401124	-21.82487973	5.63649666	-10.97250492	67.08874077	102.28141530	-8.23194838	-10.71757876	24.48289658	1.00431327
17.91	11.90213719	-37.44520003	-6.68617899	-22.87391535	-33.68012832	5.26505597	123.81124534	104.84571997	4.43303634	-23.88354558	30.87159125	-14.77830081
17.92	72.12348827	-34.89001554	-29.31155534	-5.64322754	3.84722780	9.54259125	82.83596976	88.03443774	-15.73083582	11.43000855	34.36505208	-28.88002469
17.93	11.50924521	-11.13784365	-20.03381039	95.57495200	-14.79906499	6.91123910	1.01992475	55.38222942	6.38183298	-19.79551269	29.06247882	-3.68841325
17.94	96.20429124	6.42078862	5.47832816	20.78990190	-19.83612946	-15.14297498	135.37213879	78.62938857	-15.25858984	-11.04715055	-11.72319213	-26.42312419
17.95	5.73687282	0.20668707	-10.07463117	52.10647675	2.88467073	-36.19507093	95.51455303	66.13272094	-6.86817708	-31.28053297	-4.61767523	23.83316942
17.96	-11.90948448	-1.42783202	-4.81760835	79.84459733	-29.54787658	31.46981676	11.50750427	108.39009290	-22.63826344	-9.08190568	-14.11079172	-0.09377676
17.97	87.15098721	7.91926625	31.00869695	40.04665965	-30.36003941	-9.55247051	69.47431927	95.81117236	1.18755228	-24.06349927	5.76106026	25.16586648
17.98	4.21353783	-27.29765776	-32.38191827	90.33105904	-31.70778722	0.45439267	113.39280130	97.79702099	7.51518076	33.85113776	-26.02841303	7.44717111
17.99	-3.81523978	-6.90359161	10.12562122	70.63664656	-0.24169408	1.88145846	65.78350125	21.37207000	-10.52292782	25.37041280	-9.76828126	-2.10209321
18.00	55.64327907	-14.85983623	1.66783583	33.94631868	-12.30863168	-34.24578899	45.83099146	80.64039746	-6.13710367	-19.36997934	27.08213222	12.51163794
18.01	-20.62993817	8.79923357	-27.23051788	4.74773401	15.55710777	-30.40526962	137.57537307	131.25509421	9.63081141	3.78191390	-5.45994557	-16.47020623
18.02	53.77704817	18.01533100	-9.29654534	17.21288696	-35.44066192	8.49985574	40.33470240	89.97057528	-36.21491792	24.24730081	22.04864145	27.40596137
18.03	-27.24514342	9.57342479	-26.98974266	22.88140108	-13.46627630	-1.81348532	78.98179492	53.44955429	-4.57852056	-21.78919363	29.25675036	-8.71847391
18.04	34.25906288	-6.13170559	-20.68506079	41.36216858	-32.05856097	-28.66749103	16.70807437	60.66576294	18.29338592	3.43395560	2.00995850	5.60490531
18.05	32.29335040	15.13299067	7.24411354	7.44647591	9.57936556	-39.15278623	46.32979856	106.13789053	-3.27355400	-28.51261101	-7.54702605	-26.13939005
18.06	-17.18395096	-33.38841424	21.73864482	-14.71612967	-20.12883384	-16.10139760	63.64179018	38.60624310	15.75266212	-37.91914524	23.43656352	29.78771110
18.07	-17.68950490	-5.23657832	17.58780256	86.30973290	-29.65603010	-33.14088494	119.20929484	7.07045855	23.34191218	-35.67080383	-11.69744352	19.52178040
18.08	58.05665171	13.59994247	-7.87698787	4.51325990	-4.88876378	-14.10944868	53.84688247	15.17855137	-38.66805083	27.10837634	-30.92311226	22.67800338
18.09	-29.38202577	-1.02809756	24.09620011	97.64178344	-38.49932486	26.28288527	103.63843929	90.31295441	-33.31006750	-3.78072962	-9.57411477	-32.87082782
18.10	79.75816429	-4.19505839	15.69261434	8.66917272	14.18185438	-19.64350549	107.10194064	138.26313766	18.43119336	-3.54122590	18.93998059	33.19749386
18.11	25.28357492	-9.54350648	-27.26267257	32.52616888	6.00043605	-19.43078661	89.88675776	82.17962283	-18.13906434	-20.36281627	-7.79227746	13.59191913
18.12	9.42385560	-34.78513683	2.19525848	15.53070712	-8.65655978	5.38715379	129.45251820	20.72639962	17.08928395	8.76739528	12.82299148	20.02834326
18.13	112.65644432	-32.37929836	-1.90649379	73.91796914	-17.64118769	20.32100751	99.77060683	3.64462915	3.53515194	-17.67488011	10.52674453	30.48580499
18.14	-26.64429019	5.17834155	6.44370890	88.40963242	-28.25562634	2.41642589	66.76058929	1.00630295	23.27198021	18.86297660	-31.63898825	0.59536855
18.15	64.04465580	-25.55363040	-21.81176355	-4.15089055	17.58452214	23.30049792	80.26377439	92.14659807	19.47907169	13.34143112	8.23453013	2.34499614
18.16	-27.32004714	7.99930166	-12.96611904	56.54227611	-3.87868336	19.69622863	98.66279394	48.04548991	32.36649903	20.81726656	-3.62394385	25.11700543
18.17	27.30038901	-34.33986742	-13.88348383	74.01689775	17.43029499	18.23407795	94.99388867	6.63709623	-38.89194853	-18.58383909	13.20141482	-26.67949749
18.18	16.88386289	6.28826728	38.03557544	2.73047849	-38.60157319	-17.17899682	133.32168772	31.39982349	7.75688912	-39.53206213	-3.47971923	34.57994024
18.19	-17.94870077	-13.39360175	-39.82167940	56.59575373	-11.83152481	1.67233497	127.74965486	84.53727850	-18.84491245	30.20585239	-9.28715426	-31.84609123
18.20	87.47846853	8.23100255	11.02490198	74.01183676	-31.24099479	-12.23850629	37.48654762	1.76455430	13.35026418	-2.38707275	1.53784720	32.95589455
18.21	55.77888487	-39.12290772	7.31744944	116.83726062	-12.94412925	16.27498181	119.36604296	4.82872650	-17.74301156	-1.09916821	-29.57750650	7.21120168
18.22	-18.39954811	5.03532667	-14.11138557	107.04027134	-26.47752280	-35.28081471	79.15501989	8.09214903	9.63442651	-23.05529734	-31.31046607	-34.11005016
18.23	116.57543446	-15.32358543	-0.83737067	70.76415984	-12.39881929	-15.85573287	25.50286057	50.02444527	3.02157432	-21.95206760	23.22619044	28.59624102
18.24	-13.38880816	18.16749632	30.91255177	68.32102505	16.54852811	-37.64810535	121.54391054	69.22953273	12.54812372	-14.78644577	21.00941236	-8.00567900
18.25	43.81176480	-24.90880396	-16.83484013	-12.70929713	-21.33420938	22.26785204	134.80551304	65.25260213	-5.74572324	16.45365625	6.52014015	-17.50787911
18.26	-25.42356038	-15.62937597	-1.59630805	8.16742361	-21.04305129	18.94093956	89.64648337	31.69915995	-3.84858299	13.68403976	-21.37787600	-21.02005312
18.27	30.87307053	-0.08087243	-29.14240114	116.22349677	-20.93601078	34.67907602	74.05831841	116.57465023	17.18463550	12.63004804	28.66491465	0.37909419
18.28	43.73636834	2.34847676	18.92453408	73.60230634	-11.80724934	-33.39336669	3.67955103	93.77525905	-25.58235706	-14.75965287	27.51929076	-10.99050073
18.29	98.44611725	1.27190586	-33.76127003	111.27215178	6.80133402	-12.00515119	63.72856540	71.20918043	15.90460415	-11.01090397	2.05903780	11.69110703
18.30	71.63184872	9.88016443	-27.45425571	62.58582356	-6.68652592	-0.22099537	33.19059859	36.49869403	-19.55084395	-14.61253596	-10.55175616	31.81187538
18.31	22.84163351	16.21295934	-11.41802153	108.66209383	-17.61165014	-34.02267205	125.10205712	103.64858267	0.25060598	-39.34499382	7.83845311	-30.20311546
18.32	-2.35483457	3.35548298	-0.88015242	0.46913557	-16.30440123	21.03947882	90.36739704	31.46205336	-1.71763016	-8.38090966	27.61174637	29.11867845
18.33	-23.21716109	-9.19401196	8.45250777	117.92744380	-39.38110541	30.80373506	18.64961293	85.57446323	26.49901126	10.52829882	-22.69038820	18.11386836
18.34	19.27687607	4.79849277	-39.68297862	95.45375776	-16.84065533	34.98335945	72.17691983	36.44008368	30.83887379	-33.35438795	4.14551466	0.37354254
18.35	-20.57607164	18.88531792	26.46797293	66.22870595	3.57658358	-11.77358271	126.42350015	116.59242511	-13.71767894	-0.01416947	3.49526246	9.01814886
18.36	-3.61413252	-39.76256516	17.46227922	40.06520483	-7.77394017	29.03590019	63.99727030	79.92083930	39.09256446	39.36122507	4.42335770	11.74763587
18.37	67.61210310	5.85053228	-11.11547852	82.47552341	-11.16612248	-13.55611563	12.81760163	50.17879208	18.68628608	36.60205346	7.56950174	-27.85304292
18.38	0.23257780	-14.04416156	-1.96116235	18.43496628	-22.33188837	-13.40547611	55.73137201	108.72640984	-32.81967118	11.59389025	-29.70474392	-25.31045122
18.39	26.08775674	1.02939270	-15.51322809	-20.73801102	10.67026457	33.24137884	37.57606353	92.65986369	-27.44724491	-20.35078326	-2.09906004	8.07226679
18.40	-28.93681317	-27.03554097	38.34931166	58.27809937	18.19265637	-26.99600155	12.74072295	89.34565290	3.60073872	-17.12427436	18.90524668	30.30622931
18.41	106.90134611	-26.27281866	-5.57482812	80.93346986	-8.78407915	30.58489939	92.40660945	50.73721399	26.83886790	-24.98534709	5.02058826	-26.45022497
18.42	96.12856799	6.36763955	-35.59667917	41.20155553	1.61282530	-15.33993082	123.48411197	131.21655061	8.28375808	32.60502017	3.95756382	11.72125964
18.43	-15.80702389	5.63379391	20.45255452	119.52109933	14.87218285	-3.49693538	139.06484788	101.94932054	-2.89373342	15.93381554	-10.38086073	-33.04439554
18.44	72.68529322	-0.16270939	-15.43975840	29.52910504	-38.79133968	-19.80575586	11.97457171	63.30241443	-5.54100938	-8.20313439	29.58878468	33.99488087
18.45	43.76800209	-37.36084907	-8.10334530	84.69693299	-32.80022463	6.43921794	99.59393001	127.35399998	10.45162523	13.38030164	32.32755975	-26.83428367
18.46	93.28377942	-13.70390565	33.92882627	-29.23104384	3.54209720	31.58768845	90.30707695	48.96739488	7.90029545	-12.79794435	21.62046030	-6.97866724
18.47	-3.18861414	-24.25832911	-35.48537569	73.02223863	-22.28065726	-34.96705412	62.62414046	51.91351595	2.95942615	12.33498031	12.72582940	7.28956992
18.48	-2.98435469	-36.29327726	-1.82001886	31.89541914	-21.17954853	36.73553903	77.25364036	44.41642033	-3.21721785	32.17558853	-23.23144549	26.50262706
18.49	113.10040617	-27.88994361	30.43381924	48.28575425	-0.60044637	-38.44853079	59.14005190	125.87698315	-0.38908902	-7.66284612	0.74835164	-25.66609413
18.50	1.23952382	-1.90289497	3.52626259	69.95851405	9.88684710	-9.41008325	128.07991564	39.86135163	24.33719514	-36.39472048	16.74273120	-0.30310642
18.51	35.24893180	-21.05773746	-11.67470502	57.61325864	-25.54711537	-17.93606327	91.43226329	60.38773705	-0.38151593	-21.55064289	3.07346615	-8.58048434
18.52	-4.91629936	11.30936363	8.67115616	2.91535659	-0.30990788	-18.55515309	87.09448325	50.97582049	31.95491204	39.26185551	-14.95676133	-17.10617469
18.53	18.74785362	2.81271871	25.16119253	16.78518483	8.51867038	33.77157052	85.51535750	112.06642228	-11.02172492	14.25655387	-13.82042003	-7.25604145
18.54	19.56696550	-26.09167117	-20.67671638	103.48226774	-9.96222860	-3.54953681	57.76369319	109.64981703	-0.28210237	-9.05869439	27.72899349	1.27021943
18.55	61.15597279	12.35396493	39.26469430	9.50041539	-5.61998172	-28.37316382	67.91484254	45.14799667	25.14378332	33.94277766	-14.53953702	-24.53177926
18.56	49.36945810	-36.48608632	24.44926274	119.24765346	-5.54537462	30.19688830	77.36642384	10.01226078	-19.43237085	-13.86393052	1.57982572	-28.93558104
18.57	113.51652407	-18.12251465	-37.15419253	109.88864368	-16.31571161	-2.94778124	95.72231273	79.19328249	-20.35051755	26.74869490	-32.47512133	-6.34189067
18.58	91.17469915	-6.15142793	-4.84913599	16.83729786	-2.20297171	-5.79558152	61.82216590	9.93240317	5.25326222	-6.49052314	3.44352289	8.70863176
18.59	81.51728422	-5.51079754	-1.05055202	24.56915412	-29.64993634	-39.56794631	54.72444919	67.23583718	0.94695903	-39.68590887	-15.65173963	30.15888075
18.60	14.50722136	-34.59216483	-14.72084969	89.34885343	8.23018789	-8.26799987	125.74423552	28.91876267	-25.42892488	25.50905788	10.48232845	-33.50009961
18.61	15.43093434	3.22771612	38.91483052	-16.80504481	-0.45205605	12.43630211	84.75040766	71.47265613	1.78843585	22.77184796	-31.29596095	31.25673570
18.62	38.62566201	16.88931801	12.80701750	56.13990761	-38.08629221	-1.49400353	89.06074333	92.71851908	29.76067403	30.64049156	20.79254446	-3.33047142
18.63	14.00493657	3.29760255	30.43626613	4.05484672	-5.88593862	19.79565445	119.84120840	25.42103064	6.01139396	12.28208425	20.96735061	-14.98979520
18.64	-2.13240910	-4.14388509	-30.06264256	38.12187381	4.93665093	-39.49310244	72.39820485	49.67876625	4.94000830	16.28818440	-30.92128978	26.08480250
18.65	-0.49793685	-23.29697382	3.30602381	49.66957322	-19.53248422	10.55389648	105.79478009	137.17437586	-33.02510135	22.75316611	-8.07888300	-23.10862548
18.66	26.86467723	-18.79202734	-1.68908247	81.12841628	-1.42686809	22.36172424	121.77577801	43.51873117	-12.06627140	-10.96416777	1.36871644	24.57247988
18.67	20.43090739	-38.23015628	18.08720051	87.70318778	-13.74595742	14.32149701	95.66532656	133.86271360	-1.16746661	22.52189693	-22.01989684	-2.44518764
18.68	111.16501913	-23.69394006	-8.28025050	101.65113007	-29.68145730	-25.86294704	94.59990935	138.53303661	2.49692003	-0.75789813	-12.24531743	25.87424134
18.69	60.75394632	-4.67182465	31.63515894	6.82313611	-6.47779079	26.23288913	80.70814202	89.57524658	-22.00251183	8.54929917	-20.11230106	14.83828285
18.70	100.47358222	-8.84113368	29.71773851	50.29024106	-35.12907307	24.14320632	124.12405663	35.71304990	25.19903701	12.82661688	-27.38456889	-17.74978403
18.71	-15.20717241	-32.61267332	-29.01304482	82.41443440	5.87962106	29.92977532	113.34277224	123.81837651	-14.61498515	29.66402399	29.50591044	14.12098417
18.72	-24.13019487	-19.28396480	-12.69970700	1.89023181	-28.70002127	6.34539273	26.41733950	44.37466269	-36.07819243	14.33559705	-20.92913530	-21.01794756
18.73	95.05964401	-6.91980162	-18.49017293	107.24675948	-3.36003990	2.57046612	133.87305291	132.76616745	35.89953494	25.69402522	20.83132622	16.33004956
18.74	35.59880328	-8.48055805	-11.14039446	14.36275308	-18.62962109	-22.31713675	46.80194645	32.49782296	35.81994639	25.76122701	-1.23883063	-10.27694975
18.75	52.60039730	-31.76287442	21.17964175	-13.12044693	-4.97165555	20.82296944	11.31619025	103.52319747	-19.78388439	15.58266339	-4.21084234	15.20498909
18.76	10.90725710	9.85442778	-25.21927510	89.81449045	-18.83072952	2.15285292	103.93745688	63.02698931	6.70542296	30.60719194	4.81832762	-27.44075683
18.77	34.98224731	11.42110889	-35.27694248	7.85065457	-24.90708754	26.03522608	66.86973869	33.75698381	-11.97169166	-17.16020429	-12.47447632	7.64449755
18.78	-10.09513020	11.49986556	3.74748955	7.59231065	-36.53938531	-30.11469694	31.48256204	113.09701974	6.88559119	15.14964465	-16.55670238	17.62325270
18.79	118.74465051	-1.67639341	22.86275490	98.95856043	-24.19446286	-8.47617432	85.94488753	61.97887550	-31.19588575	-11.17426048	12.00651550	11.93550332
18.80	52.44761086	5.77129836	-31.85293405	87.90127994	-31.13260521	-26.11032043	112.84988224	100.44840026	14.80074780	12.53452224	-21.41819577	12.01556201
18.81	-15.17728146	7.40900020	26.80059170	-17.82101480	-10.79723632	-25.56734837	69.33499729	38.92765020	34.90829509	7.47751959	15.95601634	3.00097576
18.82	97.73659848	-10.14241192	-27.13627829	0.51035617	-39.18029203	22.69759524	82.83791899	120.84342484	16.83539907	-33.16632586	28.67786202	16.39316596
18.83	34.51194137	-30.09668581	-34.83703057	29.81837784	-11.51693956	15.05480371	62.42687650	106.38894365	-13.72323812	17.07587604	-14.58725638	6.84639187
18.84	65.27959268	-16.50731764	5.42636771	33.64665374	1.85354541	-13.58738699	139.61378083	106.78747284	-30.75633398	-1.01586863	-11.21297672	6.00379310
18.85	-6.41228021	0.92667975	19.57687101	95.11339890	16.83476783	33.71348777	21.29547819	77.63519273	-33.37436256	-29.87419623	3.16531058	11.57994925
18.86	29.33827831	4.42038739	-39.88086336	101.05793426	-36.40892232	-30.36308895	35.69966809	57.40976068	37.03197759	34.94254356	6.38478126	5.27617895
18.87	44.69804408	-33.31283524	-14.79764574	119.61581804	-33.60896570	-16.63998783	79.03516150	44.16075763	-25.98656180	-3.65846834	-0.91485714	25.93442700
18.88	44.58788949	-33.01891928	-29.41377884	-3.81535320	-7.74808648	7.88544787	64.71963456	7.13152216	-1.10792938	5.14991677	-32.51274281	-14.70837668
18.89	92.96341417	-19.87314556	3.41473429	-23.97433042	-34.99286829	37.92419213	107.00806795	106.49771648	32.20669862	-14.23567265	-14.41103911	14.70830701
18.90	44.36841591	18.97431110	22.04025021	52.35583918	-11.82534952	12.07306639	60.74338100	135.19525066	21.32519266	1.47137678	-22.09209058	26.39320354
18.91	15.37496755	-31.58980045	5.63855335	-3.24774164	18.73830518	-2.74925608	108.13455854	39.93366827	35.70363918	-35.78669542	9.66303838	-12.60009398
18.92	10.16326879	-37.37615780	-19.13541214	46.32252324	-11.61202078	-27.54068428	68.60168249	38.44591583	-26.90748993	35.88519208	-10.28732370	17.86623810
18.93	16.15527848	-27.86078060	-20.26496081	19.38379006	-13.68957865	30.17094174	14.77935565	48.86880420	-13.51828426	3.70567814	0.27765727	-13.00268532
18.94	40.85013851	4.72869423	12.38222336	87.20954005	-24.39237184	-36.14413165	113.90047083	40.47969926	-28.36479160	-6.35853941	-8.00258500	21.74942498
18.95	9.64421478	16.53445790	26.78876179	-19.40001713	19.77937533	-29.13255141	21.55771635	107.32429647	38.55994469	-0.63573442	3.04179490	-7.90996202
18.96	-25.35802653	-37.92234286	4.70124207	27.60647408	-33.08135645	33.71875351	7.48219179	28.55861898	-4.46534236	-25.86059029	19.60711314	31.14593818
18.97	-0.11457925	-35.42822084	11.89079686	59.96792130	5.98037849	-3.65609894	111.68819814	137.48504022	-23.91473792	-11.37431807	3.03447564	-15.01571462
18.98	56.72336309	5.32999430	-4.39926771	73.24239617	18.69595365	4.42598478	62.84541420	113.74883362	22.24742539	-29.79768107	-7.81882654	20.70815604
18.99	10.58002363	-13.91177409	10.47926401	30.85129978	-24.47169727	-36.05698129	71.77649126	68.28207307	-31.00973165	-15.95574065	-32.85631366	-25.17664400
19.00	19.77441194	-31.11170509	37.40398380	108.51280697	2.81624750	-11.24696719	9.77796071	60.01161517	37.54885740	21.55774860	-11.54548106	1.59283178
19.01	8.78666294	9.04982989	24.51578607	98.67117600	0.62208039	20.66058950	43.58658556	45.45167517	8.05249060	31.95330345	4.57336958	-6.85727115
19.02	-15.48399141	-32.94440431	-39.35057050	115.05000967	-35.91303629	-9.33926858	91.52288726	117.04310911	-11.54244044	-26.41920290	15.67307738	23.89721135
19.03	-2.94101323	-12.51463406	2.69235301	0.05690378	-33.03366793	14.51360959	101.99069706	3.11271040	-27.63567255	17.71218970	30.10852589	-27.82032486
19.04	8.17210894	-26.24718240	0.89679642	-24.60464584	-38.35576157	-18.21314936	28.16365466	15.99515971	32.81575414	31.38036859	-32.97201163	-20.11279189
19.05	95.90249845	11.20700008	-33.15471157	43.49539327	-25.31863951	34.94112830	81.38214709	21.38605209	36.89281441	-29.82405762	29.13554995	4.65922482
19.06	3.18385789	-13.37554873	25.93586686	21.29302998	0.46082468	-23.18519474	98.61433740	47.13587003	-10.03073491	26.39877265	-9.25267760	10.49327743
19.07	94.25967283	16.57712271	-5.63234577	75.82883321	16.78867783	13.95107887	37.53563213	87.89677026	10.73519793	-21.11502820	-30.83045776	28.58529390
19.08	81.49494123	0.42884049	15.96445781	20.32760308	-38.08923109	-9.41502228	47.06428436	124.84620258	11.85917668	-38.45869372	24.01866498	-32.89937492
19.09	116.14417779	-31.85155552	-19.22106356	-6.81463224	-15.07257214	-36.42775036	59.35888235	101.90151342	-34.33847540	27.38680361	-31.97126681	24.43272318
19.10	83.03852163	-11.12060519	35.82912060	81.96084206	6.99658658	-6.73729914	112.55840388	130.23740306	37.57975541	-12.89620464	-34.62608873	-22.70277213
19.11	-12.73304189	10.06859276	-13.19097625	59.93351109	-17.31122549	-14.33210164	16.02256766	64.91759888	-17.40134711	20.22753575	16.04426134	34.21549407
19.12	111.00641297	-31.60479730	13.81374251	50.99130901	-7.66213605	39.39610940	4.70006839	44.11074475	-15.12089865	-27.41529997	-34.63459532	27.70592339
19.13	96.31419315	6.96919750	-11.35841267	59.04750478	-26.24156622	-18.89491535	124.01804346	101.45794333	23.28006577	-10.40760398	11.72200755	20.00813584
19.14	36.54429025	19.93189547	-30.94381656	-10.11408340	10.38383175	-0.98606732	10.61653045	101.14384857	-0.38189732	14.39126996	-18.91017781	-19.95776931
19.15	35.03834149	-23.95487522	-37.98073640	117.16797476	-29.03062134	-3.28084489	107.05887881	76.49630744	18.76809736	-0.70260224	4.17554952	-10.54253474
19.16	-25.35685747	-29.02642823	30.39370502	49.93474610	-11.27382839	-0.18903232	26.13683350	120.80018607	31.39832074	-22.18768545	14.36432946	-30.36224399
19.17	2.64623073	-1.12404517	6.38016226	67.91791566	-27.96549469	-27.73302321	89.44991938	37.32329868	-1.06391168	-12.56547569	12.24713431	-9.65938802
19.18	77.23291731	-33.62182456	7.29918975	7.32347869	-2.67610255	10.32540496	117.04006913	121.27055994	9.28402330	-16.63686385	-11.75156135	29.67563868
19.19	-13.42098009	7.49915316	-28.77245395	43.13800746	11.06786521	33.06341874	2.66883578	130.01328728	12.61099993	39.87142583	-1.07723061	33.17644089
19.20	118.76173394	-29.20785200	-15.11426321	77.70002474	-24.80006238	14.58270751	99.80391645	10.57675835	12.65865009	2.72517950	-10.58361458	-34.11025004
19.21	-26.74762894	-5.70250047	18.18442396	86.69560133	-25.96832433	18.67007781	34.51950174	93.93414226	-7.75324958	-9.08275162	-7.85810153	10.11747877
19.22	118.64601911	-38.33739992	-9.14199016	37.51960361	9.31976680	-14.83703319	98.07462397	107.22430977	-24.08369915	21.43141994	19.02502290	23.97403265
19.23	14.43113585	-28.41323989	-1.25885601	51.05341404	-16.40405998	-39.82415609	9.67645788	56.58695331	24.25615799	8.63825509	-8.69376188	20.89464314
19.24	39.12978210	1.74972644	-22.72552620	77.41407898	16.97502216	16.21388433	78.04343758	19.66628536	8.71746225	-7.65515251	30.55125478	21.33914360
19.25	51.82071785	-3.45579009	-34.67239803	23.51164853	-33.18012153	-37.28904681	48.35841127	123.02226859	-32.83796852	-17.18853931	6.49045682	-26.89805723
19.26	13.43297791	-31.52205379	1.36658875	56.68717944	-9.33758087	39.50241357	115.46714307	70.47416616	7.53969491	-17.11201957	-21.87216389	-0.50353935
19.27	3.07463554	-28.59204739	24.07646647	119.54521944	14.75705274	-26.75387287	99.34561182	48.90644733	5.40629579	-14.87661657	-34.92197233	-15.77669531
19.28	-22.41462072	4.06246120	-37.01095450	33.64511080	8.99009404	-3.64935637	32.90968805	41.75519385	22.06784047	10.02546576	-23.08165632	0.33070313
19.29	93.51495066	19.93042927	-28.52671263	22.06805221	17.37575480	-26.57641793	26.99524825	10.34628139	-11.90849495	12.29816263	5.59223086	26.53735575
19.30	115.84640566	-24.18690199	31.21991433	105.50106634	19.80393899	11.74364956	32.23652250	125.29196437	36.03978164	16.46137482	-26.36655870	-8.30103631
19.31	-11.16637861	7.58322248	22.12564238	12.02634433	11.64786060	-19.12671565	123.25442506	102.60096677	11.98490784	10.87885923	-11.41494904	-1.52516321
19.32	98.97462578	-36.61437169	22.66738906	67.31327603	0.43036127	25.21973255	130.34746232	136.54788947	-18.01974336	-20.99323867	14.55115409	11.90991097
19.33	78.08091707	-11.71355922	31.58732703	43.74082456	-23.74850612	-17.87562899	8.38272168	93.72177320	-12.56798989	-6.42170460	25.52838184	25.80351309
19.34	82.53380118	15.45857019	24.71993464	58.29487625	-31.69463399	-21.77670180	134.08615296	111.14693362	-13.55756817	7.86179122	0.57043684	21.92953539
19.35	28.17081906	-4.14685965	-15.33824418	18.09917876	3.80604310	-1.58769139	62.81555477	0.19000420	-7.71411168	37.88070209	12.79522246	16.46496361
19.36	-21.36376350	-19.03403385	6.53129565	67.21085490	13.46572486	38.67352124	110.85598290	11.09182857	-23.44962745	34.65707443	2.41116776	4.84757561
19.37	73.56346854	3.16406828	38.20171163	87.04479269	-36.37822942	-9.56252961	68.73824996	133.80097027	-16.58196644	6.57249081	-19.19196301	-4.91830938
19.38	114.31896429	-5.82195324	-16.22043300	-18.40803967	15.38997758	21.11236806	66.62182342	19.35173150	-11.13326109	8.61518955	-32.84964927	29.64414160
19.39	68.81373700	-9.70411101	6.17143573	114.89083874	13.64772818	33.93339022	138.38880164	58.90802004	8.13251326	12.30137654	1.71076853	10.99197708
19.40	5.10784704	8.75374576	21.39651552	24.58220596	12.91258543	2.20412135	19.87941262	131.77002162	-39.17287289	-38.27195879	-26.77087384	-19.24542912
19.41	50.51028961	6.78624467	9.59918961	22.02278447	-5.05708990	5.64769995	117.70378691	41.11034314	-18.43425965	13.84111199	23.04563024	15.32481650
19.42	-11.74872854	-13.50276047	6.45805477	8.70272178	-15.06065299	-24.43727825	139.21180146	47.70372133	-7.42154108	9.11927284	9.24951346	21.58941678
19.43	77.68178192	0.13849059	-7.10108532	114.45587070	-23.59779060	-19.35218936	90.70579115	4.21649414	-31.08561959	-16.15461886	4.87374091	-8.36047374
19.44	70.92962908	-4.68542190	8.14466883	-20.83639109	3.34367774	-11.55588757	99.00568528	68.53082551	-16.04543639	-29.94266672	13.55638596	14.37689431
19.45	37.01909991	-19.73136668	-22.72200816	-23.57068798	17.32493301	0.42454544	41.25590313	24.20209377	-11.79764167	30.52106571	26.53284987	-1.80937253
19.46	-28.70032594	-29.19716106	-21.58376889	48.21833793	-3.57227592	14.77639825	135.76183484	43.97893691	23.48948078	4.43619072	27.31785257	-16.07966967
19.47	-20.94508922	-6.79873289	-31.78838980	-10.06710310	-33.47109263	20.60010553	26.57096087	111.10847174	8.27636416	-13.00573514	12.63219078	18.37414992
19.48	72.29665296	-20.57952838	12.46049646	110.25019108	-16.13424192	18.61364324	10.36614590	107.16236659	9.22889145	-25.66927780	2.13752621	-5.28479921
19.49	73.86200150	5.82126844	-10.16523312	118.51873894	-26.47508569	-39.07179986	34.73498397	82.34160100	31.17059899	-2.20164973	-15.12624633	11.52680762
19.50	56.28139903	10.67479409	31.25537991	74.90752403	-24.63714625	0.29674182	121.30589270	38.66365773	28.80006017	-24.37918783	5.33644708	-5.47914116
19.51	4.15368342	-0.41137002	-31.04226307	-13.29284441	10.46127988	-24.91437329	63.17330078	135.18294780	36.83915085	31.40366913	7.41067270	12.71093256
19.52	69.46973808	-24.29947969	-38.09857940	12.52488029	-32.30220770	-28.84478849	31.21862533	19.38629716	-15.75840667	-9.78438288	-22.57501627	-12.26865884
19.53	-14.17421977	-10.75761093	-19.85418486	38.71959861	-30.76398113	30.30376565	89.99227306	43.24529862	5.98073594	18.19686667	-5.98717640	33.76618161
19.54	64.15208623	16.14672002	-11.96625211	118.98973873	-14.70404796	-27.26327425	34.65199537	110.83045246	-12.96698148	-26.55377948	18.31195282	-7.36839278
19.55	55.84768619	-14.15711958	14.02736369	-28.33692618	-2.46354667	-6.76910158	67.87079615	87.95197491	27.58188813	-29.06125503	24.59101673	-23.57403588
19.56	23.32404550	-22.63013438	-18.82624308	-27.67244068	-21.17707539	1.65627205	28.14318914	109.47620730	-39.20370830	22.03670791	31.46600598	-7.38859499
19.57	2.87490624	7.55901421	32.42786925	119.70326478	-6.46848495	29.17277169	42.02622874	10.54425077	26.65710023	23.33661396	19.22014647	1.63954569
19.58	78.68740550	17.55963162	17.61103875	20.74997835	-36.18976598	11.27007382	27.57140124	74.91497299	-1.30953079	10.51886659	-20.68837390	21.60990770
19.59	-2.85120675	-5.36859244	38.80022454	37.94424183	-35.23793544	16.42422196	86.46866736	38.69026854	-4.15969870	-16.28288310	-34.38713167	-31.35078110
19.60	-6.39680129	-3.29291917	37.33062054	97.40873894	-11.18904855	-13.96200317	31.20827409	39.46320330	0.40434364	33.28790254	18.97595735	-22.18937210
19.61	64.91461786	-5.14583616	24.77538787	-11.49711064	19.99209475	-14.63281460	139.50421881	135.80356165	-8.70711652	-18.10677684	-23.02184157	1.64890513
19.62	69.09367963	-3.51591925	30.87213335	99.94506743	15.87035026	-11.52020311	125.09727039	91.98689033	18.02018604	-32.19618756	8.97299467	-22.35359456
19.63	-14.70463526	6.48500682	-13.07172648	75.57319835	-20.84637405	-0.37163876	66.05996216	134.44600326	32.46398628	-25.02777212	2.60935498	22.09232290
19.64	9.34324606	-14.46178351	-7.73437003	103.09918575	-21.20046528	-25.30783089	113.49756864	93.10485229	21.62046837	-18.65512261	29.16247757	0.00480941
19.65	-15.21059489	-9.30052528	25.12737400	93.61993844	-0.73794219	22.86741781	73.84643711	63.45000660	-7.81284441	-10.54439226	21.02507315	-15.13114441
19.66	107.07471936	-32.77387534	-2.33932076	-10.91211339	11.92943236	19.79720325	107.22240763	15.38003206	36.76085232	-10.77694301	2.34533282	21.22447023
19.67	-28.74202273	-9.23749021	-8.31454809	13.05984096	8.39551165	6.11331137	132.50464239	29.15580539	-24.66310415	22.75105579	20.80276735	-20.53684142
19.68	22.65173666	11.29869143	-33.00904492	77.51010540	-36.32846431	14.47937149	89.38612417	31.06043186	33.85518841	-3.08363262	-21.79371130	6.03613000
19.69	-6.47684889	-34.90799893	-14.94910942	66.26565019	-30.26374132	-13.27516343	130.52629949	24.57241090	19.91815678	5.87828775	-29.45049046	-22.20103628
19.70	40.04923155	14.45120880	-20.76854714	57.34302289	1.27084825	12.57076285	24.03688967	132.41883709	14.18681356	-8.78835070	-7.46945299	-25.39911862
19.71	106.02560361	-31.69422335	-8.82220525	-17.81053002	-9.09948800	30.97643934	109.01120574	82.23993970	20.26658021	-39.43833691	-19.11489848	5.45121885
19.72	76.10645645	-12.75569701	16.20509697	67.81408969	-11.07778735	-24.99716378	52.13148934	62.97883948	2.26032324	-20.80718742	33.68708808	-11.23609827
19.73	24.02606319	-5.35626350	22.03439254	31.94426656	-21.97733603	12.87751967	95.25910845	135.34969148	-20.81241960	-19.14202379	7.34573087	32.37683576
19.74	-2.00194568	18.76795651	-2.89372711	-3.41219777	-7.59240411	28.55240747	52.69778479	80.32386611	-6.62154125	6.07323201	31.23999726	-33.81265665
19.75	75.75182007	0.80011722	-25.63795482	96.60902364	-12.85631050	37.92492297	23.58868040	24.44901536	10.75473830	22.04387781	-28.54201154	-28.26088745
19.76	51.28738095	-4.31011814	-29.56834043	-6.02076773	15.84397900	25.00928799	128.88125141	101.63515722	17.70266795	-18.02715357	-5.77537634	-15.55828468
19.77	78.04349545	-1.61290130	-26.43084333	114.88624941	14.76072357	31.93006885	15.88600043	82.16573242	34.91895064	21.29463924	7.07786914	19.69508468
19.78	-23.27170709	-18.22080511	-31.16929176	90.49779971	3.99354466	-4.56291426	116.59765423	135.59507452	28.36101182	25.72015504	-32.07919743	25.17403432
19.79	-4.02890638	18.14518917	28.68221463	73.50460418	-39.49342625	-23.34294946	10.05316368	48.00509080	3.87223380	12.57527978	5.44938267	24.43078036
19.80	17.98099525	16.73628427	-16.50806861	96.89940972	-13.48179337	-17.09892756	139.38660073	88.13632084	-34.42854250	-17.01883368	-25.96636795	-2.89100957
19.81	39.98050452	-23.21850001	0.34449826	34.83123167	19.98642931	-24.80155073	63.07513589	103.54329861	-26.14449620	-9.67663988	-23.93890644	-24.48520773
19.82	55.41690305	-36.61446247	-30.89645763	72.92344129	-8.58829509	-31.26285698	75.22310666	101.82569705	33.89836957	-33.97177147	-11.04608189	-27.32067070
19.83	54.31409921	-26.95341478	29.58771897	82.38235852	6.35357210	4.87507961	119.20824449	102.89786498	-0.43061322	-19.71809499	-17.39500065	-24.06204744
19.84	51.43734929	-36.92446275	-37.95685122	37.15808043	-24.09659943	17.19584296	68.01317402	38.23853243	-29.66541385	-2.87843601	7.03289140	26.95966781
19.85	54.91745116	11.63808857	-29.37693796	69.13933815	-1.56027403	-14.18949521	17.06228847	55.79062271	-14.01781214	-0.12847016	23.33605493	-11.64992686
19.86	32.62134347	-18.60793329	-13.46485550	64.29981399	-24.56361753	23.94941438	76.46610565	133.99758742	-34.25599403	-32.10367916	16.47630362	-1.46810522
19.87	11.82192732	13.79662886	24.90401005	42.68145011	-29.96688181	-3.26317102	129.71490829	48.35006249	16.12214652	-30.84733520	-34.64278259	-32.37535138
19.88	47.71943113	-9.90131229	-14.90868090	-21.03485261	-15.44137634	9.56066679	70.24569526	9.53043856	-3.85026677	24.07727028	15.93085663	28.75182260
19.89	-11.72092301	-36.37652960	-17.11904768	78.19304205	6.80757903	13.06775552	8.97270407	30.61284503	-11.62907763	-7.89651471	-5.71214382	28.28540062
19.90	82.39070547	12.51154429	-32.92318872	-5.63566545	7.12251360	25.85552050	72.91490755	88.21561610	22.28700819	-39.61172309	10.91885716	-8.86762183
19.91	112.94035857	-26.68245915	-11.02280810	42.80585288	8.14484234	9.59256013	84.48168535	101.92092182	34.53485304	-11.12443732	-26.74357740	2.22662102
19.92	-21.88552688	3.31988153	15.44270546	44.01926322	-7.34854739	19.80954446	113.93475926	58.61590472	5.62810355	-25.35817701	-31.61112035	-11.89033819
19.93	87.34907117	-37.94900986	25.82535100	11.40272112	-7.45161255	-23.54362085	85.25383359	1.25038375	-28.27804743	-25.28746755	-10.73363639	-13.12470497
19.94	3.57493368	-38.64543672	22.85607582	-17.83472423	7.15829554	-5.67707374	130.75113075	73.62785447	-9.14706236	-20.95820496	-25.82490420	-23.75402978
19.95	20.46170324	-19.48784706	20.35300149	112.99218513	-13.88402609	-11.25092633	26.85820652	2.62849169	37.73865392	-10.03078005	-14.11353663	3.65469992
19.96	-24.96927366	-7.23726338	-37.50417994	71.03880884	-12.39350956	20.01926645	105.00256817	2.13933444	21.12355311	-2.56597518	-27.56837483	-3.24795361
19.97	115.36286954	9.21884692	16.46731876	84.42479602	4.06480745	18.66274430	123.44769564	106.85079379	34.95698873	19.83402453	-16.55817450	-25.65936168
19.98	54.31434081	17.34838429	-6.14246007	11.20383519	-28.86880082	-0.81278874	31.45668408	84.11451766	-33.47883934	16.88810857	-5.16729734	26.95951100
19.99	-17.76278516	-36.97516616	-20.62461844	-3.33534718	16.13657614	-31.21841862	116.85005440	7.49437825	8.93049746	19.86483114	15.11375745	-22.95872201
20.00	18.23334518	-28.50587187	32.74039260	65.13079277	-38.68380669	-32.25975495	90.96762726	84.90666634	-15.91329319	5.33588539	-27.50919245	-5.31118867
